{"indexes":[],"parameters":{"allowUserKeys":true,"cacheEnabled":false,"cid":"79609856","deleted":false,"globallyUniqueId":"hFE3D85D4D33B/79609856","id":"79609856","indexes":[{"fields":["_key"],"id":"0","selectivityEstimate":1,"sparse":false,"type":"primary","unique":true}],"isSmart":false,"isSystem":false,"keyOptions":{"allowUserKeys":true,"lastValue":0,"type":"traditional"},"name":"annexes","numberOfShards":1,"planId":"79609856","replicationFactor":1,"shardKeys":["_key"],"shards":{},"status":3,"type":2,"version":6,"waitForSync":false}}