{"indexes":[{"deduplicate":true,"fields":["nid"],"id":"79609820","selectivityEstimate":0.15816326530612246,"sparse":true,"type":"hash","unique":false},{"deduplicate":true,"fields":["gid"],"id":"79609823","selectivityEstimate":1,"sparse":false,"type":"skiplist","unique":true},{"deduplicate":true,"fields":["var"],"id":"79609826","selectivityEstimate":1,"sparse":false,"type":"skiplist","unique":true},{"deduplicate":true,"fields":["kind"],"id":"79609829","selectivityEstimate":0.024875621890547265,"sparse":false,"type":"hash","unique":false},{"deduplicate":true,"fields":["type"],"id":"79609832","selectivityEstimate":0.1044776119402985,"sparse":false,"type":"hash","unique":false},{"deduplicate":true,"fields":["format"],"id":"79609835","selectivityEstimate":0.014925373134328358,"sparse":true,"type":"hash","unique":false},{"deduplicate":true,"fields":["unit"],"id":"79609838","selectivityEstimate":0.7,"sparse":true,"type":"hash","unique":false},{"deduplicate":true,"fields":["syn[*]"],"id":"79609841","selectivityEstimate":0.9872611464968153,"sparse":false,"type":"skiplist","unique":false},{"deduplicate":true,"fields":["keyword[*]"],"id":"79609844","selectivityEstimate":0.2982998454404946,"sparse":true,"type":"skiplist","unique":false},{"deduplicate":true,"fields":["terms[*]"],"id":"79609847","selectivityEstimate":0.5727272727272728,"sparse":true,"type":"hash","unique":false},{"deduplicate":true,"fields":["fields[*]"],"id":"79609850","selectivityEstimate":1,"sparse":true,"type":"hash","unique":false}],"parameters":{"allowUserKeys":true,"cacheEnabled":false,"cid":"79609815","deleted":false,"globallyUniqueId":"hFE3D85D4D33B/79609815","id":"79609815","indexes":[{"fields":["_key"],"id":"0","selectivityEstimate":1,"sparse":false,"type":"primary","unique":true},{"deduplicate":true,"fields":["nid"],"id":"79609820","selectivityEstimate":0.15816326530612246,"sparse":true,"type":"hash","unique":false},{"deduplicate":true,"fields":["gid"],"id":"79609823","selectivityEstimate":1,"sparse":false,"type":"skiplist","unique":true},{"deduplicate":true,"fields":["var"],"id":"79609826","selectivityEstimate":1,"sparse":false,"type":"skiplist","unique":true},{"deduplicate":true,"fields":["kind"],"id":"79609829","selectivityEstimate":0.024875621890547265,"sparse":false,"type":"hash","unique":false},{"deduplicate":true,"fields":["type"],"id":"79609832","selectivityEstimate":0.1044776119402985,"sparse":false,"type":"hash","unique":false},{"deduplicate":true,"fields":["format"],"id":"79609835","selectivityEstimate":0.014925373134328358,"sparse":true,"type":"hash","unique":false},{"deduplicate":true,"fields":["unit"],"id":"79609838","selectivityEstimate":0.7,"sparse":true,"type":"hash","unique":false},{"deduplicate":true,"fields":["syn[*]"],"id":"79609841","selectivityEstimate":0.9872611464968153,"sparse":false,"type":"skiplist","unique":false},{"deduplicate":true,"fields":["keyword[*]"],"id":"79609844","selectivityEstimate":0.2982998454404946,"sparse":true,"type":"skiplist","unique":false},{"deduplicate":true,"fields":["terms[*]"],"id":"79609847","selectivityEstimate":0.5727272727272728,"sparse":true,"type":"hash","unique":false},{"deduplicate":true,"fields":["fields[*]"],"id":"79609850","selectivityEstimate":1,"sparse":true,"type":"hash","unique":false}],"isSmart":false,"isSystem":false,"keyOptions":{"allowUserKeys":true,"lastValue":0,"type":"traditional"},"name":"descriptors","numberOfShards":1,"planId":"79609815","replicationFactor":1,"shardKeys":["_key"],"shards":{},"status":3,"type":2,"version":6,"waitForSync":false}}