{"indexes":[{"deduplicate":true,"fields":["predicate"],"id":"79609903","selectivityEstimate":3.244295447172056e-4,"sparse":false,"type":"hash","unique":false},{"deduplicate":true,"fields":["branches[*]"],"id":"79609906","selectivityEstimate":1,"sparse":true,"type":"hash","unique":false},{"deduplicate":true,"fields":["attributes[*]"],"id":"79609909","selectivityEstimate":6.142506142506142e-4,"sparse":true,"type":"hash","unique":false}],"parameters":{"allowUserKeys":true,"cacheEnabled":false,"cid":"79609896","deleted":false,"globallyUniqueId":"hFE3D85D4D33B/79609896","id":"79609896","indexes":[{"fields":["_key"],"id":"0","selectivityEstimate":1,"sparse":false,"type":"primary","unique":true},{"fields":["_from"],"id":"1","selectivityEstimate":0.6654049962149886,"sparse":false,"type":"edge","unique":false},{"fields":["_to"],"id":"2","selectivityEstimate":0.3025846220395804,"sparse":false,"type":"edge","unique":false},{"deduplicate":true,"fields":["predicate"],"id":"79609903","selectivityEstimate":3.244295447172056e-4,"sparse":false,"type":"hash","unique":false},{"deduplicate":true,"fields":["branches[*]"],"id":"79609906","selectivityEstimate":1,"sparse":true,"type":"hash","unique":false},{"deduplicate":true,"fields":["attributes[*]"],"id":"79609909","selectivityEstimate":6.142506142506142e-4,"sparse":true,"type":"hash","unique":false}],"isSmart":false,"isSystem":false,"keyOptions":{"allowUserKeys":true,"lastValue":36439379681192255,"type":"traditional"},"name":"edges","numberOfShards":1,"planId":"79609896","replicationFactor":1,"shardKeys":["_key"],"shards":{},"status":3,"type":3,"version":6,"waitForSync":false}}