{"data":{"_id":"errors/AmbiguousDocumentReference","_key":"AmbiguousDocumentReference","_rev":"_XM9Tdby-_N","label":{"ISO:639:3:eng":"Ambiguous document reference: "}},"type":2300}
{"data":{"_id":"errors/ApplicationInUse","_key":"ApplicationInUse","_rev":"_XM9Tdby-_T","label":{"ISO:639:3:eng":"Application is locked: "}},"type":2300}
{"data":{"_id":"errors/AuthFailed","_key":"AuthFailed","_rev":"_XM9Tdby--H","label":{"ISO:639:3:eng":"Authentication failed: "}},"type":2300}
{"data":{"_id":"errors/AuthFormat","_key":"AuthFormat","_rev":"_XM9Tdby--l","label":{"ISO:639:3:eng":"Invalid authentication file format: "}},"type":2300}
{"data":{"_id":"errors/AuthManageUser","_key":"AuthManageUser","_rev":"_XM9Tdby--f","label":{"ISO:639:3:eng":"Not authorised to manage users: "}},"type":2300}
{"data":{"_id":"errors/BadBaseType","_key":"BadBaseType","_rev":"_XM9Tdby-_R","label":{"ISO:639:3:eng":"Invalid base data type: "}},"type":2300}
{"data":{"_id":"errors/BadCollection","_key":"BadCollection","_rev":"_XM9Tdby--5","label":{"ISO:639:3:eng":"Invalid collection: "}},"type":2300}
{"data":{"_id":"errors/BadDescriptor","_key":"BadDescriptor","_rev":"_XM9Tdby-_V","label":{"ISO:639:3:eng":"Invalid descriptor: "}},"type":2300}
{"data":{"_id":"errors/BadDocumentReference","_key":"BadDocumentReference","_rev":"_XM9Tdby-_B","label":{"ISO:639:3:eng":"Invalid document reference: "}},"type":2300}
{"data":{"_id":"errors/BadDocumentReferenceFormat","_key":"BadDocumentReferenceFormat","_rev":"_XM9Tdby--3","label":{"ISO:639:3:eng":"Incorrect document format: "}},"type":2300}
{"data":{"_id":"errors/BadFormReference","_key":"BadFormReference","_rev":"_XM9Tdby-_F","label":{"ISO:639:3:eng":"Unable to reference form: "}},"type":2300}
{"data":{"_id":"errors/BadNamespaceReference","_key":"BadNamespaceReference","_rev":"_XM9Tdby-_L","label":{"ISO:639:3:eng":"Invalid namespace reference: "}},"type":2300}
{"data":{"_id":"errors/BadParam","_key":"BadParam","_rev":"_XM9Tdby--v","label":{"ISO:639:3:eng":"Incorrect parameter value: "}},"type":2300}
{"data":{"_id":"errors/BadSession","_key":"BadSession","_rev":"_XM9Tdby--F","label":{"ISO:639:3:eng":"Session is missing or invalid: "}},"type":2300}
{"data":{"_id":"errors/BadTermReference","_key":"BadTermReference","_rev":"_XM9Tdby-_D","label":{"ISO:639:3:eng":"Unable to reference term: "}},"type":2300}
{"data":{"_id":"errors/BadTypeReference","_key":"BadTypeReference","_rev":"_XM9Tdby-_J","label":{"ISO:639:3:eng":"Invalid data type reference: "}},"type":2300}
{"data":{"_id":"errors/BadUserReference","_key":"BadUserReference","_rev":"_XM9Tdby-_H","label":{"ISO:639:3:eng":"Invalid user reference: "}},"type":2300}
{"data":{"_id":"errors/BadValue","_key":"BadValue","_rev":"_XM9Tdby--x","label":{"ISO:639:3:eng":"Incorrect value: "}},"type":2300}
{"data":{"_id":"errors/BadValueFormat","_key":"BadValueFormat","_rev":"_XM9Tdby--1","label":{"ISO:639:3:eng":"Incorrect value format: "}},"type":2300}
{"data":{"_id":"errors/BadValueType","_key":"BadValueType","_rev":"_XM9Tdby--z","label":{"ISO:639:3:eng":"Incorrect value type: "}},"type":2300}
{"data":{"_id":"errors/Bug","_key":"Bug","_rev":"_XM9Tdby-_p","label":{"ISO:639:3:eng":"Internal uncaught error: "}},"type":2300}
{"data":{"_id":"errors/BusyDatabase","_key":"BusyDatabase","_rev":"_XM9Tdby--p","label":{"ISO:639:3:eng":"Database is busy: "}},"type":2300}
{"data":{"_id":"errors/CannotChangeProperty","_key":"CannotChangeProperty","_rev":"_XM9Tdby-_d","label":{"ISO:639:3:eng":"Cannot change property [@arg@] value: "}},"type":2300}
{"data":{"_id":"errors/ConstraintViolated","_key":"ConstraintViolated","_rev":"_XM9Tdby-_l","label":{"ISO:639:3:eng":"Constraint violation: "}},"type":2300}
{"data":{"_id":"errors/DatabaseCorrupt","_key":"DatabaseCorrupt","_rev":"_XM9Tdby-_j","label":{"ISO:639:3:eng":"The database is corrupt: "}},"type":2300}
{"data":{"_id":"errors/DifferentCurrentUser","_key":"DifferentCurrentUser","_rev":"_XM9Tdby--B","label":{"ISO:639:3:eng":"Session user has changed: "}},"type":2300}
{"data":{"_id":"errors/EmptyCollection","_key":"EmptyCollection","_rev":"_XM9Tdby--D","label":{"ISO:639:3:eng":"Collection [@arg@] is empty: "}},"type":2300}
{"data":{"_id":"errors/HasUsers","_key":"HasUsers","_rev":"_XM9Tdby--d","label":{"ISO:639:3:eng":"The users collection is not empty: "}},"type":2300}
{"data":{"_id":"errors/IncompleteObject","_key":"IncompleteObject","_rev":"_XM9Tdby-_P","label":{"ISO:639:3:eng":"Incomplete object: "}},"type":2300}
{"data":{"_id":"errors/InsertDocument","_key":"InsertDocument","_rev":"_XM9Tdby--L","label":{"ISO:639:3:eng":"Unable to insert document: "}},"type":2300}
{"data":{"_id":"errors/InsertEdge","_key":"InsertEdge","_rev":"_XM9Tdby--X","label":{"ISO:639:3:eng":"Unable to insert edge: "}},"type":2300}
{"data":{"_id":"errors/InsertUser","_key":"InsertUser","_rev":"_XM9Tdby--T","label":{"ISO:639:3:eng":"Unable to insert user: "}},"type":2300}
{"data":{"_id":"errors/LockedProperty","_key":"LockedProperty","_rev":"_XM9Tdby-_Z","label":{"ISO:639:3:eng":"Property is locked: "}},"type":2300}
{"data":{"_id":"errors/MissingRequiredParameter","_key":"MissingRequiredParameter","_rev":"_XM9Tdby-_n","label":{"ISO:639:3:eng":"Missing required parameter: "}},"type":2300}
{"data":{"_id":"errors/NoAuthFile","_key":"NoAuthFile","_rev":"_XM9Tdby--h","label":{"ISO:639:3:eng":"Authentication data file is missing: "}},"type":2300}
{"data":{"_id":"errors/NoCollection","_key":"NoCollection","_rev":"_XM9Tdby-__","label":{"ISO:639:3:eng":"Missing collection: "}},"type":2300}
{"data":{"_id":"errors/NoCurrentUser","_key":"NoCurrentUser","_rev":"_XM9Tdby--_","label":{"ISO:639:3:eng":"Session has no current user: "}},"type":2300}
{"data":{"_id":"errors/NoDataDictionary","_key":"NoDataDictionary","_rev":"_XM9Tdby--n","label":{"ISO:639:3:eng":"Data dictionary missing or incomplete: "}},"type":2300}
{"data":{"_id":"errors/NoRoles","_key":"NoRoles","_rev":"_XM9Tdby--J","label":{"ISO:639:3:eng":"Missing user roles: "}},"type":2300}
{"data":{"_id":"errors/NotAuthorised","_key":"NotAuthorised","_rev":"_XM9Tdby--9","label":{"ISO:639:3:eng":"Not authorised: "}},"type":2300}
{"data":{"_id":"errors/ParseAuthFile","_key":"ParseAuthFile","_rev":"_XM9Tdby--j","label":{"ISO:639:3:eng":"Unable to parse authentication file: "}},"type":2300}
{"data":{"_id":"errors/RemoveDocument","_key":"RemoveDocument","_rev":"_XM9Tdby--R","label":{"ISO:639:3:eng":"Unable to remove document: "}},"type":2300}
{"data":{"_id":"errors/RemoveUser","_key":"RemoveUser","_rev":"_XM9Tdby--V","label":{"ISO:639:3:eng":"Unable to insert user: "}},"type":2300}
{"data":{"_id":"errors/ReplaceDocument","_key":"ReplaceDocument","_rev":"_XM9Tdby--P","label":{"ISO:639:3:eng":"Unable to replace document: "}},"type":2300}
{"data":{"_id":"errors/ReservedProperty","_key":"ReservedProperty","_rev":"_XM9Tdby-_b","label":{"ISO:639:3:eng":"Property is reserved: "}},"type":2300}
{"data":{"_id":"errors/ResolveDocument","_key":"ResolveDocument","_rev":"_XM9Tdby--N","label":{"ISO:639:3:eng":"Unable to resolve document: "}},"type":2300}
{"data":{"_id":"errors/ServiceUnavailable","_key":"ServiceUnavailable","_rev":"_XM9Tdby-_X","label":{"ISO:639:3:eng":"Service is unavailable: "}},"type":2300}
{"data":{"_id":"errors/SetGroup","_key":"SetGroup","_rev":"_XM9Tdby--Z","label":{"ISO:639:3:eng":"Unable to set or remove user group: "}},"type":2300}
{"data":{"_id":"errors/SetManager","_key":"SetManager","_rev":"_XM9Tdby--b","label":{"ISO:639:3:eng":"Unable to set user manager: "}},"type":2300}
{"data":{"_id":"errors/Unimplemented","_key":"Unimplemented","_rev":"_XM9Tdby--r","label":{"ISO:639:3:eng":"Item is not implemented: "}},"type":2300}
{"data":{"_id":"errors/Unknown","_key":"Unknown","_rev":"_XM9Tdby--t","label":{"ISO:639:3:eng":"Unknown symbol: "}},"type":2300}
{"data":{"_id":"errors/UserGroupConflict","_key":"UserGroupConflict","_rev":"_XM9Tdby-_f","label":{"ISO:639:3:eng":"User group conflict: "}},"type":2300}
{"data":{"_id":"errors/UserManagerConflict","_key":"UserManagerConflict","_rev":"_XM9Tdby-_h","label":{"ISO:639:3:eng":"User manager conflict: "}},"type":2300}
{"data":{"_id":"errors/ValRecIncomplete","_key":"ValRecIncomplete","_rev":"_XM9Tdby--7","label":{"ISO:639:3:eng":"Incomplete validation record: "}},"type":2300}
