{"indexes":[],"parameters":{"allowUserKeys":true,"cacheEnabled":false,"cid":"50902259","deleted":false,"globallyUniqueId":"hFE3D85D4D33B/2952211","id":"50902259","indexes":[{"fields":["_key"],"id":"0","selectivityEstimate":1,"sparse":false,"type":"primary","unique":true},{"fields":["_from"],"id":"1","selectivityEstimate":1,"sparse":false,"type":"edge","unique":false},{"fields":["_to"],"id":"2","selectivityEstimate":1,"sparse":false,"type":"edge","unique":false}],"isSmart":false,"isSystem":false,"keyOptions":{"allowUserKeys":true,"lastValue":0,"type":"traditional"},"name":"hierarchies","numberOfShards":1,"planId":"2952211","replicationFactor":1,"shardKeys":["_key"],"shards":{},"status":3,"type":3,"version":6,"waitForSync":false}}