{"indexes":[{"deduplicate":true,"fields":["_from","_to","predicate"],"id":"79609879","selectivityEstimate":1,"sparse":false,"type":"hash","unique":true},{"deduplicate":true,"fields":["branches[*]"],"id":"79609882","selectivityEstimate":1,"sparse":true,"type":"hash","unique":false}],"parameters":{"allowUserKeys":true,"cacheEnabled":false,"cid":"79609872","deleted":false,"globallyUniqueId":"hFE3D85D4D33B/79609872","id":"79609872","indexes":[{"fields":["_key"],"id":"0","selectivityEstimate":1,"sparse":false,"type":"primary","unique":true},{"fields":["_from"],"id":"1","selectivityEstimate":1,"sparse":false,"type":"edge","unique":false},{"fields":["_to"],"id":"2","selectivityEstimate":1,"sparse":false,"type":"edge","unique":false},{"deduplicate":true,"fields":["_from","_to","predicate"],"id":"79609879","selectivityEstimate":1,"sparse":false,"type":"hash","unique":true},{"deduplicate":true,"fields":["branches[*]"],"id":"79609882","selectivityEstimate":1,"sparse":true,"type":"hash","unique":false}],"isSmart":false,"isSystem":false,"keyOptions":{"allowUserKeys":true,"lastValue":0,"type":"traditional"},"name":"hierarchy","numberOfShards":1,"planId":"79609872","replicationFactor":1,"shardKeys":["_key"],"shards":{},"status":3,"type":3,"version":6,"waitForSync":false}}