{"indexes":[{"deduplicate":true,"fields":["predicate"],"id":"79609891","selectivityEstimate":1.0225262533615551e-4,"sparse":false,"type":"hash","unique":false},{"deduplicate":true,"fields":["branches[*]"],"id":"79609894","selectivityEstimate":0.0017591247503177775,"sparse":true,"type":"hash","unique":false}],"parameters":{"allowUserKeys":true,"cacheEnabled":false,"cid":"79609884","deleted":false,"globallyUniqueId":"hFE3D85D4D33B/79609884","id":"79609884","indexes":[{"fields":["_key"],"id":"0","selectivityEstimate":1,"sparse":false,"type":"primary","unique":true},{"fields":["_from"],"id":"1","selectivityEstimate":1,"sparse":false,"type":"edge","unique":false},{"fields":["_to"],"id":"2","selectivityEstimate":0.08833333333333333,"sparse":false,"type":"edge","unique":false},{"deduplicate":true,"fields":["predicate"],"id":"79609891","selectivityEstimate":1.0225262533615551e-4,"sparse":false,"type":"hash","unique":false},{"deduplicate":true,"fields":["branches[*]"],"id":"79609894","selectivityEstimate":0.0017591247503177775,"sparse":true,"type":"hash","unique":false}],"isSmart":false,"isSystem":false,"keyOptions":{"allowUserKeys":true,"lastValue":7315567110725125072,"type":"traditional"},"name":"schemas","numberOfShards":1,"planId":"79609884","replicationFactor":1,"shardKeys":["_key"],"shards":{},"status":3,"type":3,"version":6,"waitForSync":false}}