{"indexes":[],"parameters":{"allowUserKeys":true,"cacheEnabled":false,"cid":"79609868","deleted":false,"globallyUniqueId":"hFE3D85D4D33B/79609868","id":"79609868","indexes":[{"fields":["_key"],"id":"0","selectivityEstimate":1,"sparse":false,"type":"primary","unique":true}],"isSmart":false,"isSystem":false,"keyOptions":{"allowUserKeys":true,"lastValue":9003768163934006,"type":"traditional"},"name":"shapes","numberOfShards":1,"planId":"79609868","replicationFactor":1,"shardKeys":["_key"],"shards":{},"status":3,"type":2,"version":6,"waitForSync":false}}