{"indexes":[],"parameters":{"allowUserKeys":true,"cacheEnabled":false,"cid":"79609860","deleted":false,"globallyUniqueId":"hFE3D85D4D33B/79609860","id":"79609860","indexes":[{"fields":["_key"],"id":"0","selectivityEstimate":1,"sparse":false,"type":"primary","unique":true}],"isSmart":false,"isSystem":false,"keyOptions":{"allowUserKeys":true,"lastValue":0,"type":"traditional"},"name":"smart","numberOfShards":1,"planId":"79609860","replicationFactor":1,"shardKeys":["_key"],"shards":{},"status":3,"type":2,"version":6,"waitForSync":false}}