{"indexes":[{"deduplicate":true,"fields":["nid"],"id":"79609795","selectivityEstimate":0.0013777186392378979,"sparse":true,"type":"hash","unique":false},{"deduplicate":true,"fields":["lid"],"id":"79609798","selectivityEstimate":1,"sparse":false,"type":"hash","unique":false},{"deduplicate":true,"fields":["gid"],"id":"79609801","selectivityEstimate":1,"sparse":false,"type":"skiplist","unique":true},{"deduplicate":true,"fields":["var"],"id":"79609804","selectivityEstimate":1,"sparse":true,"type":"skiplist","unique":true},{"deduplicate":true,"fields":["syn[*]"],"id":"79609807","selectivityEstimate":1,"sparse":true,"type":"skiplist","unique":false},{"deduplicate":true,"fields":["keyword[*]"],"id":"79609810","selectivityEstimate":0.001569477612361612,"sparse":true,"type":"skiplist","unique":false},{"deduplicate":true,"fields":["instances[*]"],"id":"79609813","selectivityEstimate":1.0504569487727162e-4,"sparse":true,"type":"hash","unique":false}],"parameters":{"allowUserKeys":true,"cacheEnabled":false,"cid":"79609790","deleted":false,"globallyUniqueId":"hFE3D85D4D33B/79609790","id":"79609790","indexes":[{"fields":["_key"],"id":"0","selectivityEstimate":1,"sparse":false,"type":"primary","unique":true},{"deduplicate":true,"fields":["nid"],"id":"79609795","selectivityEstimate":0.0013777186392378979,"sparse":true,"type":"hash","unique":false},{"deduplicate":true,"fields":["lid"],"id":"79609798","selectivityEstimate":1,"sparse":false,"type":"hash","unique":false},{"deduplicate":true,"fields":["gid"],"id":"79609801","selectivityEstimate":1,"sparse":false,"type":"skiplist","unique":true},{"deduplicate":true,"fields":["var"],"id":"79609804","selectivityEstimate":1,"sparse":true,"type":"skiplist","unique":true},{"deduplicate":true,"fields":["syn[*]"],"id":"79609807","selectivityEstimate":1,"sparse":true,"type":"skiplist","unique":false},{"deduplicate":true,"fields":["keyword[*]"],"id":"79609810","selectivityEstimate":0.001569477612361612,"sparse":true,"type":"skiplist","unique":false},{"deduplicate":true,"fields":["instances[*]"],"id":"79609813","selectivityEstimate":1.0504569487727162e-4,"sparse":true,"type":"hash","unique":false}],"isSmart":false,"isSystem":false,"keyOptions":{"allowUserKeys":true,"lastValue":0,"type":"traditional"},"name":"terms","numberOfShards":1,"planId":"79609790","replicationFactor":1,"shardKeys":["_key"],"shards":{},"status":3,"type":2,"version":6,"waitForSync":false}}