{"indexes":[{"deduplicate":true,"fields":["username"],"id":"79609781","selectivityEstimate":1,"sparse":false,"type":"hash","unique":true},{"deduplicate":true,"fields":["email"],"id":"79609784","selectivityEstimate":1,"sparse":false,"type":"hash","unique":true}],"parameters":{"allowUserKeys":true,"cacheEnabled":false,"cid":"79609776","deleted":false,"globallyUniqueId":"hFE3D85D4D33B/79609776","id":"79609776","indexes":[{"fields":["_key"],"id":"0","selectivityEstimate":1,"sparse":false,"type":"primary","unique":true},{"deduplicate":true,"fields":["username"],"id":"79609781","selectivityEstimate":1,"sparse":false,"type":"hash","unique":true},{"deduplicate":true,"fields":["email"],"id":"79609784","selectivityEstimate":1,"sparse":false,"type":"hash","unique":true}],"isSmart":false,"isSystem":false,"keyOptions":{"allowUserKeys":true,"lastValue":0,"type":"traditional"},"name":"users","numberOfShards":1,"planId":"79609776","replicationFactor":1,"shardKeys":["_key"],"shards":{},"status":3,"type":2,"version":6,"waitForSync":false}}