,All
1,descriptors/_id
2,descriptors/_key
3,descriptors/_rev
4,descriptors/_from
5,descriptors/_to
6,descriptors/predicate
7,descriptors/nid
8,descriptors/lid
9,descriptors/gid
10,descriptors/pid
11,descriptors/var
12,descriptors/sym
13,descriptors/syn
14,descriptors/logo
15,descriptors/name
16,descriptors/pname
17,descriptors/keyword
18,descriptors/username
19,descriptors/password
20,descriptors/passcheck
21,descriptors/email
22,descriptors/group
23,descriptors/manager
24,descriptors/rank
25,descriptors/role
26,descriptors/language
27,descriptors/auth
28,descriptors/kind
29,descriptors/type
30,descriptors/traversal
31,descriptors/format
32,descriptors/size
33,descriptors/length
34,descriptors/regex
35,descriptors/range
36,descriptors/decimals
37,descriptors/terms
38,descriptors/fields
39,descriptors/unit
40,descriptors/units
41,descriptors/deploy
42,descriptors/status
43,descriptors/access
44,descriptors/usage
45,descriptors/interface
46,descriptors/sort
47,descriptors/level
48,descriptors/order
49,descriptors/init
50,descriptors/enable
51,descriptors/switch
52,descriptors/names
53,descriptors/named
54,descriptors/naming
55,descriptors/label
56,descriptors/definition
57,descriptors/description
58,descriptors/note
59,descriptors/example
60,descriptors/domain
61,descriptors/collection
62,descriptors/class
63,descriptors/store
64,descriptors/instance
65,descriptors/instances
66,descriptors/category
67,descriptors/attributes
68,descriptors/info
69,descriptors/schema
70,descriptors/latitude
71,descriptors/longitude
72,descriptors/shape
73,descriptors/branches
74,descriptors/modifiers
75,descriptors/cdate
76,descriptors/cstamp
77,descriptors/mdate
78,descriptors/mstamp
79,descriptors/edate
80,descriptors/tdate
81,descriptors/doc_desc
82,descriptors/col_desc
83,descriptors/db_desc