_key,_from,_to,predicate,rank,role,init,enable,access,usage,interface,level,order,terms.0,fields.0,label.ISO:639:3:eng,definition.ISO:639:3:eng,description.ISO:639:3:eng,note.ISO:639:3:eng,example.ISO:639:3:eng,domain,instance,category,keyword.0,keyword.1,info,schema,branches.0,branches.1,branches.2,branches.3,branches.4,branches.5,branches.6,branches.7,branches.8,branches.9,branches.10,branches.11,branches.12,branches.13,branches.14,branches.15
XXX,descriptors/nid,terms/:form:des-in,terms/:predicate:field-of,,,,,:state:access:protected,:state:usage:required,:state:interface:field:in,,1,,,,Select a namespace for the descriptor.,,,,,,,,,,,terms/:form:des-in:any,terms/:form:des-in:txt,terms/:form:des-in:key,terms/:form:des-in:iaddr,terms/:form:des-in:enc,terms/:form:des-in:hex,terms/:form:des-in:date,terms/:form:des-in:num,terms/:form:des-in:dec,terms/:form:des-in:range,terms/:form:des-in:ref,terms/:form:des-in:term,terms/:form:des-in:field,terms/:form:des-in:struct,terms/:form:des-in:map,terms/:form:des-in:map:txt
XXX,descriptors/lid,terms/:form:des-in,terms/:predicate:field-of,,,,,:state:access:protected,:state:usage:required,:state:interface:field:in:out,,2,,,,Provide a unique code for the descriptor.,,,,,,,,,,,terms/:form:des-in:any,terms/:form:des-in:txt,terms/:form:des-in:key,terms/:form:des-in:iaddr,terms/:form:des-in:enc,terms/:form:des-in:hex,terms/:form:des-in:date,terms/:form:des-in:num,terms/:form:des-in:dec,terms/:form:des-in:range,terms/:form:des-in:ref,terms/:form:des-in:term,terms/:form:des-in:field,terms/:form:des-in:struct,terms/:form:des-in:map,terms/:form:des-in:map:txt
XXX,descriptors/gid,terms/:form:des-in,terms/:predicate:field-of,,,,,,,:state:interface:field:comp,,3,,,,The descriptor global identifier code.,,,,,,,,,,,terms/:form:des-in:any,terms/:form:des-in:txt,terms/:form:des-in:key,terms/:form:des-in:iaddr,terms/:form:des-in:enc,terms/:form:des-in:hex,terms/:form:des-in:date,terms/:form:des-in:num,terms/:form:des-in:dec,terms/:form:des-in:range,terms/:form:des-in:ref,terms/:form:des-in:term,terms/:form:des-in:field,terms/:form:des-in:struct,terms/:form:des-in:map,terms/:form:des-in:map:txt
XXX,descriptors/_key,terms/:form:des-in,terms/:predicate:field-of,,,,,:state:access:protected,:state:usage:required,:state:interface:field:comp:in,,4,,,,,,,,,,,,,,,terms/:form:des-in:any,terms/:form:des-in:txt,terms/:form:des-in:key,terms/:form:des-in:iaddr,terms/:form:des-in:enc,terms/:form:des-in:hex,terms/:form:des-in:date,terms/:form:des-in:num,terms/:form:des-in:dec,terms/:form:des-in:range,terms/:form:des-in:ref,terms/:form:des-in:term,terms/:form:des-in:field,terms/:form:des-in:struct,terms/:form:des-in:map,terms/:form:des-in:map:txt
XXX,descriptors/pid,terms/:form:des-in,terms/:predicate:field-of,,,,,,:state:usage:optional,:state:interface:field:in,,10,,,,Provide an internet address that can be considered the public descriptor identifier.,,,,,,,,,,,terms/:form:des-in:any,terms/:form:des-in:txt,terms/:form:des-in:key,terms/:form:des-in:iaddr,terms/:form:des-in:enc,terms/:form:des-in:hex,terms/:form:des-in:date,terms/:form:des-in:num,terms/:form:des-in:dec,terms/:form:des-in:range,terms/:form:des-in:ref,terms/:form:des-in:term,terms/:form:des-in:field,terms/:form:des-in:struct,terms/:form:des-in:map,terms/:form:des-in:map:txt
XXX,descriptors/var,terms/:form:des-in,terms/:predicate:field-of,,,,,:state:access:protected,,:state:interface:field:comp,,11,,,,This value will be used as a variable name when referring to the current descriptor.,,,,,,,,,,,terms/:form:des-in:any,terms/:form:des-in:txt,terms/:form:des-in:key,terms/:form:des-in:iaddr,terms/:form:des-in:enc,terms/:form:des-in:hex,terms/:form:des-in:date,terms/:form:des-in:num,terms/:form:des-in:dec,terms/:form:des-in:range,terms/:form:des-in:ref,terms/:form:des-in:term,terms/:form:des-in:field,terms/:form:des-in:struct,terms/:form:des-in:map,terms/:form:des-in:map:txt
XXX,descriptors/keyword,terms/:form:des-in,terms/:predicate:field-of,,,,,,:state:usage:suggested,:state:interface:field:in:out,,17,,,,Provide relevant keywords that apply to the descriptor.,These keywords will be used when searching for descriptors.,,,,,,,,,,terms/:form:des-in:any,terms/:form:des-in:txt,terms/:form:des-in:key,terms/:form:des-in:iaddr,terms/:form:des-in:enc,terms/:form:des-in:hex,terms/:form:des-in:date,terms/:form:des-in:num,terms/:form:des-in:dec,terms/:form:des-in:range,terms/:form:des-in:ref,terms/:form:des-in:term,terms/:form:des-in:field,terms/:form:des-in:struct,terms/:form:des-in:map,terms/:form:des-in:map:txt
XXX,descriptors/sym,terms/:form:des-in,terms/:predicate:field-of,,,,,,:state:usage:optional,:state:interface:field:in:out,,12,,,,,"Provide the symbol that applies to the descriptor, if available.",,,,,,,,,,terms/:form:des-in:any,terms/:form:des-in:txt,terms/:form:des-in:key,terms/:form:des-in:iaddr,terms/:form:des-in:enc,terms/:form:des-in:hex,terms/:form:des-in:date,terms/:form:des-in:num,terms/:form:des-in:dec,terms/:form:des-in:range,terms/:form:des-in:ref,terms/:form:des-in:term,terms/:form:des-in:field,terms/:form:des-in:struct,terms/:form:des-in:map,terms/:form:des-in:map:txt
XXX,descriptors/syn,terms/:form:des-in,terms/:predicate:field-of,,,,,,:state:usage:suggested,:state:interface:field:in:out,,13,,,,,Provide all known synonyms with which the descriptor may be referenced.,,,,,,,,,,terms/:form:des-in:any,terms/:form:des-in:txt,terms/:form:des-in:key,terms/:form:des-in:iaddr,terms/:form:des-in:enc,terms/:form:des-in:hex,terms/:form:des-in:date,terms/:form:des-in:num,terms/:form:des-in:dec,terms/:form:des-in:range,terms/:form:des-in:ref,terms/:form:des-in:term,terms/:form:des-in:field,terms/:form:des-in:struct,terms/:form:des-in:map,terms/:form:des-in:map:txt
XXX,descriptors/logo,terms/:form:des-in,terms/:predicate:field-of,,,,,,:state:usage:optional,:state:interface:field:in:out,,14,,,,,"Provide an SVG image that can be used as the icon or logo for the descriptor, if applicable.",,,,,,,,,,terms/:form:des-in:any,terms/:form:des-in:txt,terms/:form:des-in:key,terms/:form:des-in:iaddr,terms/:form:des-in:enc,terms/:form:des-in:hex,terms/:form:des-in:date,terms/:form:des-in:num,terms/:form:des-in:dec,terms/:form:des-in:range,terms/:form:des-in:ref,terms/:form:des-in:term,terms/:form:des-in:field,terms/:form:des-in:struct,terms/:form:des-in:map,terms/:form:des-in:map:txt
XXX,descriptors/rank,terms/:form:des-in,terms/:predicate:field-of,,,,,,:state:usage:required,:state:interface:field:in,,24,,,Rank level,This value corresponds to the highest user rank that is allowed to manage the descriptor.,Users with a rank lower than the selected value will not be allowed to modify or create the descriptor; if the rank is omitted all users are authorised.,,,,,,,,,,terms/:form:des-in:any,terms/:form:des-in:txt,terms/:form:des-in:key,terms/:form:des-in:iaddr,terms/:form:des-in:enc,terms/:form:des-in:hex,terms/:form:des-in:date,terms/:form:des-in:num,terms/:form:des-in:dec,terms/:form:des-in:range,terms/:form:des-in:ref,terms/:form:des-in:term,terms/:form:des-in:field,terms/:form:des-in:struct,terms/:form:des-in:map,terms/:form:des-in:map:txt
XXX,descriptors/role,terms/:form:des-in,terms/:predicate:field-of,,,,,,:state:usage:suggested,:state:interface:field:in,,25,,,Allowed roles,Select the roles that will allow the display and modification of the descriptor.,"Some descriptors may be restricted to specific roles, if you omit this field all roles apply, if you provide a selection, only the selected roles will be able to access the descriptor.",,,,,,,,,,terms/:form:des-in:any,terms/:form:des-in:txt,terms/:form:des-in:key,terms/:form:des-in:iaddr,terms/:form:des-in:enc,terms/:form:des-in:hex,terms/:form:des-in:date,terms/:form:des-in:num,terms/:form:des-in:dec,terms/:form:des-in:range,terms/:form:des-in:ref,terms/:form:des-in:term,terms/:form:des-in:field,terms/:form:des-in:struct,terms/:form:des-in:map,terms/:form:des-in:map:txt
XXX,descriptors/kind,terms/:form:des-in,terms/:predicate:field-of,,,,,:state:access:protected,:state:usage:required,:state:interface:field:in:out,,28,,,,,,,,,,,,,,,terms/:form:des-in:any,terms/:form:des-in:txt,terms/:form:des-in:key,terms/:form:des-in:iaddr,terms/:form:des-in:enc,terms/:form:des-in:hex,terms/:form:des-in:date,terms/:form:des-in:num,terms/:form:des-in:dec,terms/:form:des-in:range,terms/:form:des-in:ref,terms/:form:des-in:term,terms/:form:des-in:field,terms/:form:des-in:struct,terms/:form:des-in:map,terms/:form:des-in:map:txt
XXX,descriptors/type,terms/:form:des-in,terms/:predicate:field-of,:rank:system,,,,:state:access:protected,:state:usage:required,:state:interface:field:out,,29,,,,,,,,,,,,,,,terms/:form:des-in:any,terms/:form:des-in:txt,terms/:form:des-in:key,terms/:form:des-in:iaddr,terms/:form:des-in:enc,terms/:form:des-in:hex,terms/:form:des-in:date,terms/:form:des-in:num,terms/:form:des-in:dec,terms/:form:des-in:range,terms/:form:des-in:ref,terms/:form:des-in:term,terms/:form:des-in:field,terms/:form:des-in:struct,terms/:form:des-in:map,terms/:form:des-in:map:txt
XXX,descriptors/format,terms/:form:des-in,terms/:predicate:field-of,,,,,:state:access:protected,:state:usage:optional,:state:interface:field:in,,31,,,,,,,,,,,,,,,terms/:form:des-in:any,terms/:form:des-in:txt,terms/:form:des-in:key,terms/:form:des-in:iaddr,terms/:form:des-in:enc,terms/:form:des-in:hex,terms/:form:des-in:date,terms/:form:des-in:num,terms/:form:des-in:dec,terms/:form:des-in:range,terms/:form:des-in:ref,terms/:form:des-in:term,terms/:form:des-in:field,terms/:form:des-in:struct,terms/:form:des-in:map,terms/:form:des-in:map:txt
XXX,descriptors/size,terms/:form:des-in,terms/:predicate:field-of,,,,:type:format,:state:access:protected,:state:usage:optional,:state:interface:field:in,,32,,,,,,,,,,,,,,,terms/:form:des-in:any,terms/:form:des-in:txt,terms/:form:des-in:key,terms/:form:des-in:iaddr,terms/:form:des-in:enc,terms/:form:des-in:hex,terms/:form:des-in:date,terms/:form:des-in:num,terms/:form:des-in:dec,terms/:form:des-in:range,terms/:form:des-in:ref,terms/:form:des-in:term,terms/:form:des-in:field,terms/:form:des-in:struct,terms/:form:des-in:map,terms/:form:des-in:map:txt
XXX,descriptors/deploy,terms/:form:des-in,terms/:predicate:field-of,:rank:system,,,,:state:access:protected,:state:usage:required,:state:interface:field:in,,41,,,,Select the implementation category that applies to the descriptor.,,,,,,,,,,,terms/:form:des-in:any,terms/:form:des-in:txt,terms/:form:des-in:key,terms/:form:des-in:iaddr,terms/:form:des-in:enc,terms/:form:des-in:hex,terms/:form:des-in:date,terms/:form:des-in:num,terms/:form:des-in:dec,terms/:form:des-in:range,terms/:form:des-in:ref,terms/:form:des-in:term,terms/:form:des-in:field,terms/:form:des-in:struct,terms/:form:des-in:map,terms/:form:des-in:map:txt
XXX,descriptors/status,terms/:form:des-in,terms/:predicate:field-of,:rank:system,,,,,:state:usage:required,:state:interface:field:in,,42,,,,Select the descriptor status.,,,,,,,,,,,terms/:form:des-in:any,terms/:form:des-in:txt,terms/:form:des-in:key,terms/:form:des-in:iaddr,terms/:form:des-in:enc,terms/:form:des-in:hex,terms/:form:des-in:date,terms/:form:des-in:num,terms/:form:des-in:dec,terms/:form:des-in:range,terms/:form:des-in:ref,terms/:form:des-in:term,terms/:form:des-in:field,terms/:form:des-in:struct,terms/:form:des-in:map,terms/:form:des-in:map:txt
XXX,descriptors/access,terms/:form:des-in,terms/:predicate:field-of,,,,,,:state:usage:optional,:state:interface:field:in:out,,43,,,,,Select the setting that applies when creating or modifying the descriptor.,,,,,,,,,,terms/:form:des-in:any,terms/:form:des-in:txt,terms/:form:des-in:key,terms/:form:des-in:iaddr,terms/:form:des-in:enc,terms/:form:des-in:hex,terms/:form:des-in:date,terms/:form:des-in:num,terms/:form:des-in:dec,terms/:form:des-in:range,terms/:form:des-in:ref,terms/:form:des-in:term,terms/:form:des-in:field,terms/:form:des-in:struct,terms/:form:des-in:map,terms/:form:des-in:map:txt
XXX,descriptors/usage,terms/:form:des-in,terms/:predicate:field-of,,,,,,:state:usage:optional,:state:interface:field:in:out,,44,,,,Select the option that applies by default to the current descriptor when used in an input form,,,,,,,,,,,terms/:form:des-in:any,terms/:form:des-in:txt,terms/:form:des-in:key,terms/:form:des-in:iaddr,terms/:form:des-in:enc,terms/:form:des-in:hex,terms/:form:des-in:date,terms/:form:des-in:num,terms/:form:des-in:dec,terms/:form:des-in:range,terms/:form:des-in:ref,terms/:form:des-in:term,terms/:form:des-in:field,terms/:form:des-in:struct,terms/:form:des-in:map,terms/:form:des-in:map:txt
XXX,descriptors/label,terms/:form:des-in,terms/:predicate:field-of,,,,,,:state:usage:required,:state:interface:field:in:out,,55,,,,Provide a name or label for the descriptor.,This string will be used as the input label or table header for the descriptor.,,,,,,,,,,terms/:form:des-in:any,terms/:form:des-in:txt,terms/:form:des-in:key,terms/:form:des-in:iaddr,terms/:form:des-in:enc,terms/:form:des-in:hex,terms/:form:des-in:date,terms/:form:des-in:num,terms/:form:des-in:dec,terms/:form:des-in:range,terms/:form:des-in:ref,terms/:form:des-in:term,terms/:form:des-in:field,terms/:form:des-in:struct,terms/:form:des-in:map,terms/:form:des-in:map:txt
XXX,descriptors/definition,terms/:form:des-in,terms/:predicate:field-of,,,,,,:state:usage:required,:state:interface:field:in:out,,56,,,,Provide a definition for the descriptor.,The definition will be displayed as a popover when the cursor hovers the descriptor label.,,,,,,,,,,terms/:form:des-in:any,terms/:form:des-in:txt,terms/:form:des-in:key,terms/:form:des-in:iaddr,terms/:form:des-in:enc,terms/:form:des-in:hex,terms/:form:des-in:date,terms/:form:des-in:num,terms/:form:des-in:dec,terms/:form:des-in:range,terms/:form:des-in:ref,terms/:form:des-in:term,terms/:form:des-in:field,terms/:form:des-in:struct,terms/:form:des-in:map,terms/:form:des-in:map:txt
XXX,descriptors/description,terms/:form:des-in,terms/:predicate:field-of,,,,,,:state:usage:suggested,:state:interface:field:in:out,,57,,,,Provide a detailed description for the descriptor.,"The description can be used to add all relevant information that was not included in the definition, such as the methods and protocols used to collect data related to the current descriptor.",,,,,,,,,,terms/:form:des-in:any,terms/:form:des-in:txt,terms/:form:des-in:key,terms/:form:des-in:iaddr,terms/:form:des-in:enc,terms/:form:des-in:hex,terms/:form:des-in:date,terms/:form:des-in:num,terms/:form:des-in:dec,terms/:form:des-in:range,terms/:form:des-in:ref,terms/:form:des-in:term,terms/:form:des-in:field,terms/:form:des-in:struct,terms/:form:des-in:map,terms/:form:des-in:map:txt
XXX,descriptors/note,terms/:form:des-in,terms/:predicate:field-of,,,,,,:state:usage:optional,:state:interface:field:in:out,,58,,,,Provide side notes as relevant.,,,,,,,,,,,terms/:form:des-in:any,terms/:form:des-in:txt,terms/:form:des-in:key,terms/:form:des-in:iaddr,terms/:form:des-in:enc,terms/:form:des-in:hex,terms/:form:des-in:date,terms/:form:des-in:num,terms/:form:des-in:dec,terms/:form:des-in:range,terms/:form:des-in:ref,terms/:form:des-in:term,terms/:form:des-in:field,terms/:form:des-in:struct,terms/:form:des-in:map,terms/:form:des-in:map:txt
XXX,descriptors/example,terms/:form:des-in,terms/:predicate:field-of,,,,,,:state:usage:optional,:state:interface:field:in:out,,59,,,,Provide examples of data values for the current descriptor.,,,,,,,,,,,terms/:form:des-in:any,terms/:form:des-in:txt,terms/:form:des-in:key,terms/:form:des-in:iaddr,terms/:form:des-in:enc,terms/:form:des-in:hex,terms/:form:des-in:date,terms/:form:des-in:num,terms/:form:des-in:dec,terms/:form:des-in:range,terms/:form:des-in:ref,terms/:form:des-in:term,terms/:form:des-in:field,terms/:form:des-in:struct,terms/:form:des-in:map,terms/:form:des-in:map:txt
XXX,descriptors/domain,terms/:form:des-in,terms/:predicate:field-of,,,,,,:state:usage:optional,:state:interface:field:in:out,,60,,,,Descriptor domain.,The domain is the highest level category that classifies the descriptor.,The domain can be used to focus descriptor searches.,,,,,,,,,terms/:form:des-in:any,terms/:form:des-in:txt,terms/:form:des-in:key,terms/:form:des-in:iaddr,terms/:form:des-in:enc,terms/:form:des-in:hex,terms/:form:des-in:date,terms/:form:des-in:num,terms/:form:des-in:dec,terms/:form:des-in:range,terms/:form:des-in:ref,terms/:form:des-in:term,terms/:form:des-in:field,terms/:form:des-in:struct,terms/:form:des-in:map,terms/:form:des-in:map:txt
XXX,descriptors/instances,terms/:form:des-in,terms/:predicate:field-of,,,,,,,:state:interface:field:out,,65,,,,This list indicates all the contexts in which the descriptor was used.,,,,,,,,,,,terms/:form:des-in:any,terms/:form:des-in:txt,terms/:form:des-in:key,terms/:form:des-in:iaddr,terms/:form:des-in:enc,terms/:form:des-in:hex,terms/:form:des-in:date,terms/:form:des-in:num,terms/:form:des-in:dec,terms/:form:des-in:range,terms/:form:des-in:ref,terms/:form:des-in:term,terms/:form:des-in:field,terms/:form:des-in:struct,terms/:form:des-in:map,terms/:form:des-in:map:txt
XXX,descriptors/category,terms/:form:des-in,terms/:predicate:field-of,,,,,,:state:usage:optional,:state:interface:field:in:out,,66,,,,Descriptor category.,The category is a classification below the domain.,The category can be used to focus descriptor searches within a domain.,,,,,,,,,terms/:form:des-in:any,terms/:form:des-in:txt,terms/:form:des-in:key,terms/:form:des-in:iaddr,terms/:form:des-in:enc,terms/:form:des-in:hex,terms/:form:des-in:date,terms/:form:des-in:num,terms/:form:des-in:dec,terms/:form:des-in:range,terms/:form:des-in:ref,terms/:form:des-in:term,terms/:form:des-in:field,terms/:form:des-in:struct,terms/:form:des-in:map,terms/:form:des-in:map:txt
XXX,descriptors/info,terms/:form:des-in,terms/:predicate:field-of,,,,,,:state:usage:suggested,:state:interface:field:in:out,,68,,,,Provide relevant internet addresses where additional information and references for the descriptor can be found.,,,,,,,,,,,terms/:form:des-in:any,terms/:form:des-in:txt,terms/:form:des-in:key,terms/:form:des-in:iaddr,terms/:form:des-in:enc,terms/:form:des-in:hex,terms/:form:des-in:date,terms/:form:des-in:num,terms/:form:des-in:dec,terms/:form:des-in:range,terms/:form:des-in:ref,terms/:form:des-in:term,terms/:form:des-in:field,terms/:form:des-in:struct,terms/:form:des-in:map,terms/:form:des-in:map:txt
XXX,descriptors/cstamp,terms/:form:des-in,terms/:predicate:field-of,,,,,,,:state:interface:field:out,,76,,,,,,,,,,,,,,,terms/:form:des-in:any,terms/:form:des-in:txt,terms/:form:des-in:key,terms/:form:des-in:iaddr,terms/:form:des-in:enc,terms/:form:des-in:hex,terms/:form:des-in:date,terms/:form:des-in:num,terms/:form:des-in:dec,terms/:form:des-in:range,terms/:form:des-in:ref,terms/:form:des-in:term,terms/:form:des-in:field,terms/:form:des-in:struct,terms/:form:des-in:map,terms/:form:des-in:map:txt
XXX,descriptors/mstamp,terms/:form:des-in,terms/:predicate:field-of,,,,,,,:state:interface:field:out,,78,,,,,,,,,,,,,,,terms/:form:des-in:any,terms/:form:des-in:txt,terms/:form:des-in:key,terms/:form:des-in:iaddr,terms/:form:des-in:enc,terms/:form:des-in:hex,terms/:form:des-in:date,terms/:form:des-in:num,terms/:form:des-in:dec,terms/:form:des-in:range,terms/:form:des-in:ref,terms/:form:des-in:term,terms/:form:des-in:field,terms/:form:des-in:struct,terms/:form:des-in:map,terms/:form:des-in:map:txt
XXX,descriptors/tdate,terms/:form:des-in,terms/:predicate:field-of,,,,,,,:state:interface:field:out,,80,,,,,,,,,,,,,,,terms/:form:des-in:any,terms/:form:des-in:txt,terms/:form:des-in:key,terms/:form:des-in:iaddr,terms/:form:des-in:enc,terms/:form:des-in:hex,terms/:form:des-in:date,terms/:form:des-in:num,terms/:form:des-in:dec,terms/:form:des-in:range,terms/:form:des-in:ref,terms/:form:des-in:term,terms/:form:des-in:field,terms/:form:des-in:struct,terms/:form:des-in:map,terms/:form:des-in:map:txt
XXX,descriptors/length,terms/:form:des-txt,terms/:predicate:field-of,,,,,,:state:usage:optional,:state:interface:field:in:out,,33,,,,,Provide the allowed minimum and maximum length of the text.,,,,,,,,,,,terms/:form:des-in:txt,terms/:form:des-in:key,,,,,,,,,,,,,terms/:form:des-in:map:txt
XXX,descriptors/regex,terms/:form:des-txt,terms/:predicate:field-of,,,,,,:state:usage:optional,:state:interface:field:in:out,,34,,,,,Provide a regular expression that can be used to validate the text.,,,,,,,,,,,terms/:form:des-in:txt,terms/:form:des-in:key,,,,,,,,,,,,,terms/:form:des-in:map:txt
XXX,descriptors/unit,terms/:form:des-unit,terms/:predicate:field-of,,,,,,:state:usage:optional,:state:interface:field:in:out,,39,,,,,Provide the unit that applies to values defined by the current descriptor.,,,,,,,,,,terms/:form:des-in:any,terms/:form:des-in:txt,,,,,,terms/:form:des-in:num,terms/:form:des-in:dec,terms/:form:des-in:range,,terms/:form:des-in:term,,,,terms/:form:des-in:map:txt
XXX,descriptors/units,terms/:form:des-unit,terms/:predicate:field-of,,,,,,:state:usage:optional,:state:interface:field:in:out,,40,,,,,Provide all units other than the descriptor unit in which values defined by the current descriptor could be expressed in.,,,,,,,,,,terms/:form:des-in:any,terms/:form:des-in:txt,,,,,,terms/:form:des-in:num,terms/:form:des-in:dec,terms/:form:des-in:range,,terms/:form:des-in:term,,,,terms/:form:des-in:map:txt
XXX,terms/:kind:form:input,terms/:kind:form,terms/:predicate:form-of,,,,,,,,,,,,,,,,,,,,,,,,terms/:form:des-in:any,,,,,,,,,,,,,,,
XXX,terms/:kind:form:instance,terms/:kind:form:input,terms/:predicate:form-of,,,,,,,,,,,,,,,,,,,,,,,,terms/:form:des-in:any,,,,,,,,,,,,,,,
XXX,terms/:type:form:full,terms/:kind:form:instance,terms/:predicate:form-of,,,,,,,,,,,,,,,,,,,,,,,,terms/:form:des-in:any,,,,,,,,,,,,,,,
XXX,terms/:form:des-in:any,terms/:type:form:full,terms/:predicate:form-of,,,,,,,,,,,,,,,,,,,,,,,,terms/:form:des-in:any,,,,,,,,,,,,,,,
XXX,terms/:form:des-in,terms/:form:des-in:any,terms/:predicate:form-of,,,,,,,,,,,,,,,,,,,,,,,,terms/:form:des-in:any,,,,,,,,,,,,,,,
XXX,terms/:form:des-unit,terms/:form:des-in:any,terms/:predicate:form-of,,,,,,,,,,,,,,,,,,,,,,,,terms/:form:des-in:any,,,,,,,,,,,,,,,
XXX,terms/:kind:form:input,terms/:kind:form,terms/:predicate:form-of,,,,,,,,,,,,,,,,,,,,,,,,,terms/:form:des-in:txt,,,,,,,,,,,,,,
XXX,terms/:kind:form:instance,terms/:kind:form:input,terms/:predicate:form-of,,,,,,,,,,,,,,,,,,,,,,,,,terms/:form:des-in:txt,,,,,,,,,,,,,,
XXX,terms/:type:form:full,terms/:kind:form:instance,terms/:predicate:form-of,,,,,,,,,,,,,,,,,,,,,,,,,terms/:form:des-in:txt,,,,,,,,,,,,,,
XXX,terms/:form:des-in:txt,terms/:type:form:full,terms/:predicate:form-of,,,,,,,,,,,,,,,,,,,,,,,,,terms/:form:des-in:txt,,,,,,,,,,,,,,
XXX,terms/:form:des-in,terms/:form:des-in:txt,terms/:predicate:form-of,,,,,,,,,,,,,,,,,,,,,,,,,terms/:form:des-in:txt,,,,,,,,,,,,,,
XXX,terms/:form:des-txt,terms/:form:des-in:txt,terms/:predicate:form-of,,,,,,,,,,,,,,,,,,,,,,,,,terms/:form:des-in:txt,,,,,,,,,,,,,,
XXX,terms/:form:des-unit,terms/:form:des-in:txt,terms/:predicate:form-of,,,,,,,,,,,,,,,,,,,,,,,,,terms/:form:des-in:txt,,,,,,,,,,,,,,
XXX,terms/:kind:form:input,terms/:kind:form,terms/:predicate:form-of,,,,,,,,,,,,,,,,,,,,,,,,,,terms/:form:des-in:key,,,,,,,,,,,,,
XXX,terms/:kind:form:instance,terms/:kind:form:input,terms/:predicate:form-of,,,,,,,,,,,,,,,,,,,,,,,,,,terms/:form:des-in:key,,,,,,,,,,,,,
XXX,terms/:type:form:full,terms/:kind:form:instance,terms/:predicate:form-of,,,,,,,,,,,,,,,,,,,,,,,,,,terms/:form:des-in:key,,,,,,,,,,,,,
XXX,terms/:form:des-in:key,terms/:type:form:full,terms/:predicate:form-of,,,,,,,,,,,,,,,,,,,,,,,,,,terms/:form:des-in:key,,,,,,,,,,,,,
XXX,terms/:form:des-in,terms/:form:des-in:key,terms/:predicate:form-of,,,,,,,,,,,,,,,,,,,,,,,,,,terms/:form:des-in:key,,,,,,,,,,,,,
XXX,terms/:form:des-txt,terms/:form:des-in:key,terms/:predicate:form-of,,,,,,,,,,,,,,,,,,,,,,,,,,terms/:form:des-in:key,,,,,,,,,,,,,
XXX,terms/:kind:form:input,terms/:kind:form,terms/:predicate:form-of,,,,,,,,,,,,,,,,,,,,,,,,,,,terms/:form:des-in:iaddr,,,,,,,,,,,,
XXX,terms/:kind:form:instance,terms/:kind:form:input,terms/:predicate:form-of,,,,,,,,,,,,,,,,,,,,,,,,,,,terms/:form:des-in:iaddr,,,,,,,,,,,,
XXX,terms/:type:form:full,terms/:kind:form:instance,terms/:predicate:form-of,,,,,,,,,,,,,,,,,,,,,,,,,,,terms/:form:des-in:iaddr,,,,,,,,,,,,
XXX,terms/:form:des-in:iaddr,terms/:type:form:full,terms/:predicate:form-of,,,,,,,,,,,,,,,,,,,,,,,,,,,terms/:form:des-in:iaddr,,,,,,,,,,,,
XXX,terms/:form:des-in,terms/:form:des-in:iaddr,terms/:predicate:form-of,,,,,,,,,,,,,,,,,,,,,,,,,,,terms/:form:des-in:iaddr,,,,,,,,,,,,
XXX,terms/:kind:form:input,terms/:kind:form,terms/:predicate:form-of,,,,,,,,,,,,,,,,,,,,,,,,,,,,terms/:form:des-in:enc,,,,,,,,,,,
XXX,terms/:kind:form:instance,terms/:kind:form:input,terms/:predicate:form-of,,,,,,,,,,,,,,,,,,,,,,,,,,,,terms/:form:des-in:enc,,,,,,,,,,,
XXX,terms/:type:form:full,terms/:kind:form:instance,terms/:predicate:form-of,,,,,,,,,,,,,,,,,,,,,,,,,,,,terms/:form:des-in:enc,,,,,,,,,,,
XXX,terms/:form:des-in:enc,terms/:type:form:full,terms/:predicate:form-of,,,,,,,,,,,,,,,,,,,,,,,,,,,,terms/:form:des-in:enc,,,,,,,,,,,
XXX,terms/:form:des-in,terms/:form:des-in:enc,terms/:predicate:form-of,,,,,,,,,,,,,,,,,,,,,,,,,,,,terms/:form:des-in:enc,,,,,,,,,,,
XXX,descriptors/schema,terms/:form:des-in:enc,terms/:predicate:field-of,,,,,,:state:usage:optional,:state:interface:field:in:out,,69,,,,,,,,,,,,,,,,,,,terms/:form:des-in:enc,,,,,,,,,,,
XXX,terms/:kind:form:input,terms/:kind:form,terms/:predicate:form-of,,,,,,,,,,,,,,,,,,,,,,,,,,,,,terms/:form:des-in:hex,,,,,,,,,,
XXX,terms/:kind:form:instance,terms/:kind:form:input,terms/:predicate:form-of,,,,,,,,,,,,,,,,,,,,,,,,,,,,,terms/:form:des-in:hex,,,,,,,,,,
XXX,terms/:type:form:full,terms/:kind:form:instance,terms/:predicate:form-of,,,,,,,,,,,,,,,,,,,,,,,,,,,,,terms/:form:des-in:hex,,,,,,,,,,
XXX,terms/:form:des-in:hex,terms/:type:form:full,terms/:predicate:form-of,,,,,,,,,,,,,,,,,,,,,,,,,,,,,terms/:form:des-in:hex,,,,,,,,,,
XXX,terms/:form:des-in,terms/:form:des-in:hex,terms/:predicate:form-of,,,,,,,,,,,,,,,,,,,,,,,,,,,,,terms/:form:des-in:hex,,,,,,,,,,
XXX,descriptors/length,terms/:form:des-in:hex,terms/:predicate:field-of,,,,,,:state:usage:optional,:state:interface:field:in:out,,33,,,,,Provide the allowed minimum and maximum length of the hexadecimal string.,,,,,,,,,,,,,,,terms/:form:des-in:hex,,,,,,,,,,
XXX,descriptors/range,terms/:form:des-in:hex,terms/:predicate:field-of,,,,,,:state:usage:optional,:state:interface:field:in:out,,35,,,,,"If the hexadecimal string represents a quantitative value, provide the minimum and maximum range if relevant, ",,,,,,,,,,,,,,,terms/:form:des-in:hex,,,,,,,,,,
XXX,terms/:kind:form:input,terms/:kind:form,terms/:predicate:form-of,,,,,,,,,,,,,,,,,,,,,,,,,,,,,,terms/:form:des-in:date,,,,,,,,,
XXX,terms/:kind:form:instance,terms/:kind:form:input,terms/:predicate:form-of,,,,,,,,,,,,,,,,,,,,,,,,,,,,,,terms/:form:des-in:date,,,,,,,,,
XXX,terms/:type:form:full,terms/:kind:form:instance,terms/:predicate:form-of,,,,,,,,,,,,,,,,,,,,,,,,,,,,,,terms/:form:des-in:date,,,,,,,,,
XXX,terms/:form:des-in:date,terms/:type:form:full,terms/:predicate:form-of,,,,,,,,,,,,,,,,,,,,,,,,,,,,,,terms/:form:des-in:date,,,,,,,,,
XXX,terms/:form:des-in,terms/:form:des-in:date,terms/:predicate:form-of,,,,,,,,,,,,,,,,,,,,,,,,,,,,,,terms/:form:des-in:date,,,,,,,,,
XXX,descriptors/range,terms/:form:des-in:date,terms/:predicate:field-of,,,,,,:state:usage:optional,:state:interface:field:in:out,,35,,,,,,,,,,,,,,,,,,,,,terms/:form:des-in:date,,,,,,,,,
XXX,terms/:kind:form:input,terms/:kind:form,terms/:predicate:form-of,,,,,,,,,,,,,,,,,,,,,,,,,,,,,,,terms/:form:des-in:num,,,,,,,,
XXX,terms/:kind:form:instance,terms/:kind:form:input,terms/:predicate:form-of,,,,,,,,,,,,,,,,,,,,,,,,,,,,,,,terms/:form:des-in:num,,,,,,,,
XXX,terms/:type:form:full,terms/:kind:form:instance,terms/:predicate:form-of,,,,,,,,,,,,,,,,,,,,,,,,,,,,,,,terms/:form:des-in:num,,,,,,,,
XXX,terms/:form:des-in:num,terms/:type:form:full,terms/:predicate:form-of,,,,,,,,,,,,,,,,,,,,,,,,,,,,,,,terms/:form:des-in:num,,,,,,,,
XXX,terms/:form:des-in,terms/:form:des-in:num,terms/:predicate:form-of,,,,,,,,,,,,,,,,,,,,,,,,,,,,,,,terms/:form:des-in:num,,,,,,,,
XXX,terms/:form:des-unit,terms/:form:des-in:num,terms/:predicate:form-of,,,,,,,,,,,,,,,,,,,,,,,,,,,,,,,terms/:form:des-in:num,,,,,,,,
XXX,descriptors/range,terms/:form:des-in:num,terms/:predicate:field-of,,,,,,:state:usage:suggested,:state:interface:field:in:out,,35,,,,,Provide the allowed minimum and maximum bounds of the numeric value.,,,,,,,,,,,,,,,,,terms/:form:des-in:num,,,,,,,,
XXX,terms/:kind:form:input,terms/:kind:form,terms/:predicate:form-of,,,,,,,,,,,,,,,,,,,,,,,,,,,,,,,,terms/:form:des-in:dec,,,,,,,
XXX,terms/:kind:form:instance,terms/:kind:form:input,terms/:predicate:form-of,,,,,,,,,,,,,,,,,,,,,,,,,,,,,,,,terms/:form:des-in:dec,,,,,,,
XXX,terms/:type:form:full,terms/:kind:form:instance,terms/:predicate:form-of,,,,,,,,,,,,,,,,,,,,,,,,,,,,,,,,terms/:form:des-in:dec,,,,,,,
XXX,terms/:form:des-in:dec,terms/:type:form:full,terms/:predicate:form-of,,,,,,,,,,,,,,,,,,,,,,,,,,,,,,,,terms/:form:des-in:dec,,,,,,,
XXX,terms/:form:des-in,terms/:form:des-in:dec,terms/:predicate:form-of,,,,,,,,,,,,,,,,,,,,,,,,,,,,,,,,terms/:form:des-in:dec,,,,,,,
XXX,terms/:form:des-unit,terms/:form:des-in:dec,terms/:predicate:form-of,,,,,,,,,,,,,,,,,,,,,,,,,,,,,,,,terms/:form:des-in:dec,,,,,,,
XXX,descriptors/range,terms/:form:des-in:dec,terms/:predicate:field-of,,,,,,:state:usage:suggested,:state:interface:field:in:out,,35,,,,,Provide the allowed minimum and maximum bounds of the floating point value.,,,,,,,,,,,,,,,,,,terms/:form:des-in:dec,,,,,,,
XXX,descriptors/decimals,terms/:form:des-in:dec,terms/:predicate:field-of,,,,,,:state:usage:optional,:state:interface:field:in:out,,36,,,,,Provide the maximum number of decimal digits the value should take; values will be rounded <em> before being stored</em>.,,,,,,,,,,,,,,,,,,terms/:form:des-in:dec,,,,,,,
XXX,terms/:kind:form:input,terms/:kind:form,terms/:predicate:form-of,,,,,,,,,,,,,,,,,,,,,,,,,,,,,,,,,terms/:form:des-in:range,,,,,,
XXX,terms/:kind:form:instance,terms/:kind:form:input,terms/:predicate:form-of,,,,,,,,,,,,,,,,,,,,,,,,,,,,,,,,,terms/:form:des-in:range,,,,,,
XXX,terms/:type:form:full,terms/:kind:form:instance,terms/:predicate:form-of,,,,,,,,,,,,,,,,,,,,,,,,,,,,,,,,,terms/:form:des-in:range,,,,,,
XXX,terms/:form:des-in:range,terms/:type:form:full,terms/:predicate:form-of,,,,,,,,,,,,,,,,,,,,,,,,,,,,,,,,,terms/:form:des-in:range,,,,,,
XXX,terms/:form:des-in,terms/:form:des-in:range,terms/:predicate:form-of,,,,,,,,,,,,,,,,,,,,,,,,,,,,,,,,,terms/:form:des-in:range,,,,,,
XXX,terms/:form:des-unit,terms/:form:des-in:range,terms/:predicate:form-of,,,,,,,,,,,,,,,,,,,,,,,,,,,,,,,,,terms/:form:des-in:range,,,,,,
XXX,terms/:kind:form:input,terms/:kind:form,terms/:predicate:form-of,,,,,,,,,,,,,,,,,,,,,,,,,,,,,,,,,,terms/:form:des-in:ref,,,,,
XXX,terms/:kind:form:instance,terms/:kind:form:input,terms/:predicate:form-of,,,,,,,,,,,,,,,,,,,,,,,,,,,,,,,,,,terms/:form:des-in:ref,,,,,
XXX,terms/:type:form:full,terms/:kind:form:instance,terms/:predicate:form-of,,,,,,,,,,,,,,,,,,,,,,,,,,,,,,,,,,terms/:form:des-in:ref,,,,,
XXX,terms/:form:des-in:ref,terms/:type:form:full,terms/:predicate:form-of,,,,,,,,,,,,,,,,,,,,,,,,,,,,,,,,,,terms/:form:des-in:ref,,,,,
XXX,terms/:form:des-in,terms/:form:des-in:ref,terms/:predicate:form-of,,,,,,,,,,,,,,,,,,,,,,,,,,,,,,,,,,terms/:form:des-in:ref,,,,,
XXX,terms/:kind:form:input,terms/:kind:form,terms/:predicate:form-of,,,,,,,,,,,,,,,,,,,,,,,,,,,,,,,,,,,terms/:form:des-in:term,,,,
XXX,terms/:kind:form:instance,terms/:kind:form:input,terms/:predicate:form-of,,,,,,,,,,,,,,,,,,,,,,,,,,,,,,,,,,,terms/:form:des-in:term,,,,
XXX,terms/:type:form:full,terms/:kind:form:instance,terms/:predicate:form-of,,,,,,,,,,,,,,,,,,,,,,,,,,,,,,,,,,,terms/:form:des-in:term,,,,
XXX,terms/:form:des-in:term,terms/:type:form:full,terms/:predicate:form-of,,,,,,,,,,,,,,,,,,,,,,,,,,,,,,,,,,,terms/:form:des-in:term,,,,
XXX,terms/:form:des-in,terms/:form:des-in:term,terms/:predicate:form-of,,,,,,,,,,,,,,,,,,,,,,,,,,,,,,,,,,,terms/:form:des-in:term,,,,
XXX,terms/:form:des-unit,terms/:form:des-in:term,terms/:predicate:form-of,,,,,,,,,,,,,,,,,,,,,,,,,,,,,,,,,,,terms/:form:des-in:term,,,,
XXX,descriptors/terms,terms/:form:des-in:term,terms/:predicate:field-of,,,,,,:state:usage:suggested,:state:interface:field:in:out,,37,,,Controlled vocabulary,List of term enumerations.,"Provide the list of enumerated value definitions that apply to the current descriptor: if you provide this information, values associated with the current descriptor will have to be selected among the elements of the controlled vocabularies; if you omit this information, the descriptor value may be any term reference.",,,,,,,,,,,,,,,,,,,,,terms/:form:des-in:term,,,,
XXX,terms/:kind:form:input,terms/:kind:form,terms/:predicate:form-of,,,,,,,,,,,,,,,,,,,,,,,,,,,,,,,,,,,,terms/:form:des-in:field,,,
XXX,terms/:kind:form:instance,terms/:kind:form:input,terms/:predicate:form-of,,,,,,,,,,,,,,,,,,,,,,,,,,,,,,,,,,,,terms/:form:des-in:field,,,
XXX,terms/:type:form:full,terms/:kind:form:instance,terms/:predicate:form-of,,,,,,,,,,,,,,,,,,,,,,,,,,,,,,,,,,,,terms/:form:des-in:field,,,
XXX,terms/:form:des-in:field,terms/:type:form:full,terms/:predicate:form-of,,,,,,,,,,,,,,,,,,,,,,,,,,,,,,,,,,,,terms/:form:des-in:field,,,
XXX,terms/:form:des-in,terms/:form:des-in:field,terms/:predicate:form-of,,,,,,,,,,,,,,,,,,,,,,,,,,,,,,,,,,,,terms/:form:des-in:field,,,
XXX,descriptors/fields,terms/:form:des-in:field,terms/:predicate:field-of,,,,,,:state:usage:suggested,:state:interface:field:in:out,,38,,,Controlled vocabulary,List of descriptor enumerations.,"Provide the list of enumerated value definitions that apply to the current descriptor: if you provide this information, values associated with the current descriptor will have to be selected among the elements of the controlled vocabularies; if you omit this information, the descriptor value may be any descriptor reference.",,,,,,,,,,,,,,,,,,,,,,terms/:form:des-in:field,,,
XXX,terms/:kind:form:input,terms/:kind:form,terms/:predicate:form-of,,,,,,,,,,,,,,,,,,,,,,,,,,,,,,,,,,,,,terms/:form:des-in:struct,,
XXX,terms/:kind:form:instance,terms/:kind:form:input,terms/:predicate:form-of,,,,,,,,,,,,,,,,,,,,,,,,,,,,,,,,,,,,,terms/:form:des-in:struct,,
XXX,terms/:type:form:full,terms/:kind:form:instance,terms/:predicate:form-of,,,,,,,,,,,,,,,,,,,,,,,,,,,,,,,,,,,,,terms/:form:des-in:struct,,
XXX,terms/:form:des-in:struct,terms/:type:form:full,terms/:predicate:form-of,,,,,,,,,,,,,,,,,,,,,,,,,,,,,,,,,,,,,terms/:form:des-in:struct,,
XXX,terms/:form:des-in,terms/:form:des-in:struct,terms/:predicate:form-of,,,,,,,,,,,,,,,,,,,,,,,,,,,,,,,,,,,,,terms/:form:des-in:struct,,
XXX,descriptors/schema,terms/:form:des-in:struct,terms/:predicate:field-of,,,,,,:state:usage:optional,:state:interface:field:in:out,,69,,,Schema,Structure schema definition.,"Provide the internet address of the structure schema, if available.",,,,,,,,,,,,,,,,,,,,,,,terms/:form:des-in:struct,,
XXX,terms/:kind:form:input,terms/:kind:form,terms/:predicate:form-of,,,,,,,,,,,,,,,,,,,,,,,,,,,,,,,,,,,,,,terms/:form:des-in:map,
XXX,terms/:kind:form:instance,terms/:kind:form:input,terms/:predicate:form-of,,,,,,,,,,,,,,,,,,,,,,,,,,,,,,,,,,,,,,terms/:form:des-in:map,
XXX,terms/:type:form:full,terms/:kind:form:instance,terms/:predicate:form-of,,,,,,,,,,,,,,,,,,,,,,,,,,,,,,,,,,,,,,terms/:form:des-in:map,
XXX,terms/:form:des-in:map,terms/:type:form:full,terms/:predicate:form-of,,,,,,,,,,,,,,,,,,,,,,,,,,,,,,,,,,,,,,terms/:form:des-in:map,
XXX,terms/:form:des-in,terms/:form:des-in:map,terms/:predicate:form-of,,,,,,,,,,,,,,,,,,,,,,,,,,,,,,,,,,,,,,terms/:form:des-in:map,
XXX,descriptors/terms,terms/:form:des-in:map,terms/:predicate:field-of,,,,,,:state:usage:required,:state:interface:field:in:out,,37,,,Controlled vocabulary,List of term enumerations.,Provide the list of enumerated value definitions that apply to the key field of the mapped structure.,,,,,,,,,,,,,,,,,,,,,,,,terms/:form:des-in:map,
XXX,terms/:kind:form:input,terms/:kind:form,terms/:predicate:form-of,,,,,,,,,,,,,,,,,,,,,,,,,,,,,,,,,,,,,,,terms/:form:des-in:map:txt
XXX,terms/:kind:form:instance,terms/:kind:form:input,terms/:predicate:form-of,,,,,,,,,,,,,,,,,,,,,,,,,,,,,,,,,,,,,,,terms/:form:des-in:map:txt
XXX,terms/:type:form:full,terms/:kind:form:instance,terms/:predicate:form-of,,,,,,,,,,,,,,,,,,,,,,,,,,,,,,,,,,,,,,,terms/:form:des-in:map:txt
XXX,terms/:form:des-in:map:txt,terms/:type:form:full,terms/:predicate:form-of,,,,,,,,,,,,,,,,,,,,,,,,,,,,,,,,,,,,,,,terms/:form:des-in:map:txt
XXX,terms/:form:des-in,terms/:form:des-in:map:txt,terms/:predicate:form-of,,,,,,,,,,,,,,,,,,,,,,,,,,,,,,,,,,,,,,,terms/:form:des-in:map:txt
,terms/:form:des-unit,terms/:form:des-in:map:txt,terms/:predicate:form-of,,,,,,,,,,,,,,,,,,,,,,,,,,,,,,,,,,,,,,,terms/:form:des-in:map:txt
XXX,descriptors/terms,terms/:form:des-in:map:txt,terms/:predicate:field-of,,,,,,:state:usage:required,:state:interface:field:in:out,,37,,,Controlled vocabulary,List of term enumerations.,Provide the list of enumerated value definitions that apply to the key field of the mapped structure.,,,,,,,,,,,,,,,,,,,,,,,,,terms/:form:des-in:map:txt