{"_key": "e1", "label": {"ISO:639:3:eng": "Unable to retrieve status record."}}
{"_key": "e2", "label": {"ISO:639:3:eng": "Unable to retrieve user record."}}
{"_key": "e3", "label": {"ISO:639:3:eng": "Missing data dictionary."}}
{"_key": "e4", "label": {"ISO:639:3:eng": "Database is busy."}}
{"_key": "e5", "label": {"ISO:639:3:eng": "Unable to update index."}}
{"_key": "e6", "label": {"ISO:639:3:eng": "Unable to unzip file."}}
{"_key": "e7", "label": {"ISO:639:3:eng": "Unable to import file."}}
{"_key": "e8", "label": {"ISO:639:3:eng": "Error while importing data."}}
{"_key": "e9", "label": {"ISO:639:3:eng": "Unable to convert to JSON."}}
