[
  {
    "_key" : "NoCurrentUser",
    "label" : {
      "ISO:639:3:eng" : "Session has no current user: "
    }
  },
  {
    "_key" : "EmptyCollection",
    "label" : {
      "ISO:639:3:eng" : "Collection [@arg] is empty: "
    }
  },
  {
    "_key" : "NoSession",
    "label" : {
      "ISO:639:3:eng" : "Session is missing: "
    }
  },
  {
    "_key" : "AuthFailed",
    "label" : {
      "ISO:639:3:eng" : "Authentication failed: "
    }
  },
  {
    "_key" : "NoRoles",
    "label" : {
      "ISO:639:3:eng" : "Missing user roles: "
    }
  },
  {
    "_key" : "NoInsertUser",
    "label" : {
      "ISO:639:3:eng" : "Unable to insert user: "
    }
  },
  {
    "_key" : "HasUsers",
    "label" : {
      "ISO:639:3:eng" : "The users collection is not empty: "
    }
  },
  {
    "_key" : "NoCurrentUser",
    "label" : {
      "ISO:639:3:eng" : "There is no current user in session: "
    }
  },
  {
    "_key" : "NoManageUser",
    "label" : {
      "ISO:639:3:eng" : "Not authorised to manage users: "
    }
  },
  {
    "_key" : "NoAuthFile",
    "label" : {
      "ISO:639:3:eng" : "Authentication data file is missing: "
    }
  },
  {
    "_key" : "NoParseAuthFile",
    "label" : {
      "ISO:639:3:eng" : "Unable to parse authentication file: "
    }
  },
  {
    "_key" : "BadAuthFormat",
    "label" : {
      "ISO:639:3:eng" : "Invalid authentication file format: "
    }
  },
  {
    "_key" : "NoDataDictionary",
    "label" : {
      "ISO:639:3:eng" : "Data dictionary missing or incomplete: "
    }
  },
  {
    "_key" : "BusyDatabase",
    "label" : {
      "ISO:639:3:eng" : "Database is busy: "
    }
  }
]
