[
  {
    "_key" : "e1",
    "label" : {
      "ISO:639:3:eng" : "missing required collection [@arg]."
    }
  },
  {
    "_key" : "e2",
    "label" : {
      "ISO:639:3:eng" : "unable to handle session."
    }
  },
  {
    "_key" : "e3",
    "label" : {
      "ISO:639:3:eng" : "user not found [@arg]."
    }
  },
  {
    "_key" : "e4",
    "label" : {
      "ISO:639:3:eng" : "password mismatch."
    }
  },
  {
    "_key" : "e5",
    "label" : {
      "ISO:639:3:eng" : "unable to create administrator user."
    }
  },
  {
    "_key" : "e6",
    "label" : {
      "ISO:639:3:eng" : "the administrator must be the first user."
    }
  },
  {
    "_key" : "e7",
    "label" : {
      "ISO:639:3:eng" : "users are managed by other users."
    }
  },
  {
    "_key" : "e8",
    "label" : {
      "ISO:639:3:eng" : "not authorised to manage users."
    }
  },
  {
    "_key" : "e9",
    "label" : {
      "ISO:639:3:eng" : "unable to create administrator."
    }
  },
  {
    "_key" : "e10",
    "label" : {
      "ISO:639:3:eng" : "the application cannot be used."
    }
  },
  {
    "_key" : "e11",
    "label" : {
      "ISO:639:3:eng" : "invalid input format."
    }
  },
  {
    "_key" : "e12",
    "label" : {
      "ISO:639:3:eng" : "invalid output format."
    }
  },
  {
    "_key" : "e13",
    "label" : {
      "ISO:639:3:eng" : "unsupported root data type."
    }
  }
]
