[{"_key":"2013819","_id":"e/2013819","_from":"v/country-algeria","_to":"v/continent-africa","_rev":"_WeSQmV---_","type":"is-in"},{"_key":"2013861","_id":"e/2013861","_from":"v/country-cambodia","_to":"v/continent-asia","_rev":"_WeSQmc---_","type":"is-in"},{"_key":"2013887","_id":"e/2013887","_from":"v/country-finland","_to":"v/continent-europe","_rev":"_WeSQmi---_","type":"is-in"},{"_key":"2013911","_id":"e/2013911","_from":"v/capital-bandar-seri-begawan","_to":"v/country-brunei","_rev":"_WeSQz----_","type":"is-in"},{"_key":"2013929","_id":"e/2013929","_from":"v/capital-cairo","_to":"v/country-egypt","_rev":"_WeSQz_---_","type":"is-in"},{"_key":"2013931","_id":"e/2013931","_from":"v/capital-canberra","_to":"v/country-australia","_rev":"_WeSQzE---_","type":"is-in"},{"_key":"2013981","_id":"e/2013981","_from":"v/capital-yaounde","_to":"v/country-cameroon","_rev":"_WeSQzL---_","type":"is-in"},{"_key":"2013805","_id":"e/2013805","_from":"v/continent-south-america","_to":"v/world","_rev":"_WeSQbm---_","type":"is-in"},{"_key":"2013821","_id":"e/2013821","_from":"v/country-andorra","_to":"v/continent-europe","_rev":"_WeSQmVC--_","type":"is-in"},{"_key":"2013841","_id":"e/2013841","_from":"v/country-belgium","_to":"v/continent-europe","_rev":"_WeSQmbC--_","type":"is-in"},{"_key":"2013889","_id":"e/2013889","_from":"v/country-france","_to":"v/continent-europe","_rev":"_WeSQmiC--_","type":"is-in"},{"_key":"2013913","_id":"e/2013913","_from":"v/capital-beijing","_to":"v/country-people-s-republic-of-china","_rev":"_WeSQz-C--_","type":"is-in"},{"_key":"2013933","_id":"e/2013933","_from":"v/capital-copenhagen","_to":"v/country-denmark","_rev":"_WeSQzEC--_","type":"is-in"},{"_key":"2013955","_id":"e/2013955","_from":"v/capital-ouagadougou","_to":"v/country-burkina-faso","_rev":"_WeSQzFC--_","type":"is-in"},{"_key":"2013823","_id":"e/2013823","_from":"v/country-angola","_to":"v/continent-africa","_rev":"_WeSQmVG--_","type":"is-in"},{"_key":"2013863","_id":"e/2013863","_from":"v/country-cameroon","_to":"v/continent-africa","_rev":"_WeSQmcG--_","type":"is-in"},{"_key":"2013891","_id":"e/2013891","_from":"v/country-germany","_to":"v/continent-europe","_rev":"_WeSQmiG--_","type":"is-in"},{"_key":"2013915","_id":"e/2013915","_from":"v/capital-berlin","_to":"v/country-germany","_rev":"_WeSQz-G--_","type":"is-in"},{"_key":"2013935","_id":"e/2013935","_from":"v/capital-dhaka","_to":"v/country-bangladesh","_rev":"_WeSQzEG--_","type":"is-in"},{"_key":"2013957","_id":"e/2013957","_from":"v/capital-paris","_to":"v/country-france","_rev":"_WeSQzFG--_","type":"is-in"},{"_key":"2013843","_id":"e/2013843","_from":"v/country-bhutan","_to":"v/continent-asia","_rev":"_WeSQmbK--_","type":"is-in"},{"_key":"2013865","_id":"e/2013865","_from":"v/country-canada","_to":"v/continent-north-america","_rev":"_WeSQmcK--_","type":"is-in"},{"_key":"2013893","_id":"e/2013893","_from":"v/country-people-s-republic-of-china","_to":"v/continent-asia","_rev":"_WeSQmiK--_","type":"is-in"},{"_key":"2013825","_id":"e/2013825","_from":"v/country-antigua-and-barbuda","_to":"v/continent-north-america","_rev":"_WeSQmVO--_","type":"is-in"},{"_key":"2013937","_id":"e/2013937","_from":"v/capital-gaborone","_to":"v/country-botswana","_rev":"_WeSQzEO--_","type":"is-in"},{"_key":"2013959","_id":"e/2013959","_from":"v/capital-phnom-penh","_to":"v/country-cambodia","_rev":"_WeSQzKO--_","type":"is-in"},{"_key":"2013827","_id":"e/2013827","_from":"v/country-argentina","_to":"v/continent-south-america","_rev":"_WeSQmVS--_","type":"is-in"},{"_key":"2013867","_id":"e/2013867","_from":"v/country-chad","_to":"v/continent-africa","_rev":"_WeSQmhS--_","type":"is-in"},{"_key":"2013917","_id":"e/2013917","_from":"v/capital-bogota","_to":"v/country-colombia","_rev":"_WeSQz-S--_","type":"is-in"},{"_key":"2013939","_id":"e/2013939","_from":"v/capital-helsinki","_to":"v/country-finland","_rev":"_WeSQzES--_","type":"is-in"},{"_key":"2013961","_id":"e/2013961","_from":"v/capital-prague","_to":"v/country-czech-republic","_rev":"_WeSQzKS--_","type":"is-in"},{"_key":"2013829","_id":"e/2013829","_from":"v/country-australia","_to":"v/continent-australia","_rev":"_WeSQmVW--_","type":"is-in"},{"_key":"2013845","_id":"e/2013845","_from":"v/country-bolivia","_to":"v/continent-south-america","_rev":"_WeSQmbW--_","type":"is-in"},{"_key":"2013869","_id":"e/2013869","_from":"v/country-chile","_to":"v/continent-south-america","_rev":"_WeSQmhW--_","type":"is-in"},{"_key":"2013919","_id":"e/2013919","_from":"v/capital-brasilia","_to":"v/country-brazil","_rev":"_WeSQz-W--_","type":"is-in"},{"_key":"2013941","_id":"e/2013941","_from":"v/capital-kabul","_to":"v/country-afghanistan","_rev":"_WeSQzEW--_","type":"is-in"},{"_key":"2013963","_id":"e/2013963","_from":"v/capital-quito","_to":"v/country-ecuador","_rev":"_WeSQzKW--_","type":"is-in"},{"_key":"2013983","_id":"e/2013983","_from":"v/capital-zagreb","_to":"v/country-croatia","_rev":"_WeSQ0gW--_","type":"is-in"},{"_key":"2013847","_id":"e/2013847","_from":"v/country-bosnia-and-herzegovina","_to":"v/continent-europe","_rev":"_WeSQmba--_","type":"is-in"},{"_key":"2013871","_id":"e/2013871","_from":"v/country-colombia","_to":"v/continent-south-america","_rev":"_WeSQmha--_","type":"is-in"},{"_key":"2013921","_id":"e/2013921","_from":"v/capital-bridgetown","_to":"v/country-barbados","_rev":"_WeSQz-a--_","type":"is-in"},{"_key":"2013943","_id":"e/2013943","_from":"v/capital-la-paz","_to":"v/country-bolivia","_rev":"_WeSQzEa--_","type":"is-in"},{"_key":"2013831","_id":"e/2013831","_from":"v/country-austria","_to":"v/continent-europe","_rev":"_WeSQmVe--_","type":"is-in"},{"_key":"2013849","_id":"e/2013849","_from":"v/country-botswana","_to":"v/continent-africa","_rev":"_WeSQmbe--_","type":"is-in"},{"_key":"2013923","_id":"e/2013923","_from":"v/capital-brussels","_to":"v/country-belgium","_rev":"_WeSQz-e--_","type":"is-in"},{"_key":"2013945","_id":"e/2013945","_from":"v/capital-luanda","_to":"v/country-angola","_rev":"_WeSQzEe--_","type":"is-in"},{"_key":"2013965","_id":"e/2013965","_from":"v/capital-saint-john-s","_to":"v/country-antigua-and-barbuda","_rev":"_WeSQzKe--_","type":"is-in"},{"_key":"2013795","_id":"e/2013795","_from":"v/continent-africa","_to":"v/world","_rev":"_WeSQble--_","type":"is-in"},{"_key":"2013851","_id":"e/2013851","_from":"v/country-brazil","_to":"v/continent-south-america","_rev":"_WeSQmbi--_","type":"is-in"},{"_key":"2013873","_id":"e/2013873","_from":"v/country-cote-d-ivoire","_to":"v/continent-africa","_rev":"_WeSQmhi--_","type":"is-in"},{"_key":"2013947","_id":"e/2013947","_from":"v/capital-manama","_to":"v/country-bahrain","_rev":"_WeSQzEi--_","type":"is-in"},{"_key":"2013967","_id":"e/2013967","_from":"v/capital-santiago","_to":"v/country-chile","_rev":"_WeSQzKi--_","type":"is-in"},{"_key":"2013833","_id":"e/2013833","_from":"v/country-bahamas","_to":"v/continent-north-america","_rev":"_WeSQmVm--_","type":"is-in"},{"_key":"2013875","_id":"e/2013875","_from":"v/country-croatia","_to":"v/continent-europe","_rev":"_WeSQmhm--_","type":"is-in"},{"_key":"2013969","_id":"e/2013969","_from":"v/capital-sarajevo","_to":"v/country-bosnia-and-herzegovina","_rev":"_WeSQzKm--_","type":"is-in"},{"_key":"2013835","_id":"e/2013835","_from":"v/country-bahrain","_to":"v/continent-asia","_rev":"_WeSQmVq--_","type":"is-in"},{"_key":"2013853","_id":"e/2013853","_from":"v/country-brunei","_to":"v/continent-asia","_rev":"_WeSQmbq--_","type":"is-in"},{"_key":"2013877","_id":"e/2013877","_from":"v/country-czech-republic","_to":"v/continent-europe","_rev":"_WeSQmhq--_","type":"is-in"},{"_key":"2013949","_id":"e/2013949","_from":"v/capital-nassau","_to":"v/country-bahamas","_rev":"_WeSQzEq--_","type":"is-in"},{"_key":"2013971","_id":"e/2013971","_from":"v/capital-sofia","_to":"v/country-bulgaria","_rev":"_WeSQzKq--_","type":"is-in"},{"_key":"2013837","_id":"e/2013837","_from":"v/country-bangladesh","_to":"v/continent-asia","_rev":"_WeSQmVu--_","type":"is-in"},{"_key":"2013879","_id":"e/2013879","_from":"v/country-denmark","_to":"v/continent-europe","_rev":"_WeSQmhu--_","type":"is-in"},{"_key":"2013905","_id":"e/2013905","_from":"v/capital-algiers","_to":"v/country-algeria","_rev":"_WeSQy9u--_","type":"is-in"},{"_key":"2013951","_id":"e/2013951","_from":"v/capital-n-djamena","_to":"v/country-chad","_rev":"_WeSQzEu--_","type":"is-in"},{"_key":"2013973","_id":"e/2013973","_from":"v/capital-thimphu","_to":"v/country-bhutan","_rev":"_WeSQzKu--_","type":"is-in"},{"_key":"2013797","_id":"e/2013797","_from":"v/continent-asia","_to":"v/world","_rev":"_WeSQblu--_","type":"is-in"},{"_key":"2013815","_id":"e/2013815","_from":"v/country-afghanistan","_to":"v/continent-asia","_rev":"_WeSQmUy--_","type":"is-in"},{"_key":"2013839","_id":"e/2013839","_from":"v/country-barbados","_to":"v/continent-north-america","_rev":"_WeSQmVy--_","type":"is-in"},{"_key":"2013855","_id":"e/2013855","_from":"v/country-bulgaria","_to":"v/continent-europe","_rev":"_WeSQmby--_","type":"is-in"},{"_key":"2013881","_id":"e/2013881","_from":"v/country-ecuador","_to":"v/continent-south-america","_rev":"_WeSQmhy--_","type":"is-in"},{"_key":"2013907","_id":"e/2013907","_from":"v/capital-andorra-la-vella","_to":"v/country-andorra","_rev":"_WeSQy9y--_","type":"is-in"},{"_key":"2013953","_id":"e/2013953","_from":"v/capital-ottawa","_to":"v/country-canada","_rev":"_WeSQzEy--_","type":"is-in"},{"_key":"2013975","_id":"e/2013975","_from":"v/capital-tirana","_to":"v/country-albania","_rev":"_WeSQzKy--_","type":"is-in"},{"_key":"2013799","_id":"e/2013799","_from":"v/continent-australia","_to":"v/world","_rev":"_WeSQbly--_","type":"is-in"},{"_key":"2013817","_id":"e/2013817","_from":"v/country-albania","_to":"v/continent-europe","_rev":"_WeSQmU2--_","type":"is-in"},{"_key":"2013857","_id":"e/2013857","_from":"v/country-burkina-faso","_to":"v/continent-africa","_rev":"_WeSQmb2--_","type":"is-in"},{"_key":"2013883","_id":"e/2013883","_from":"v/country-egypt","_to":"v/continent-africa","_rev":"_WeSQmh2--_","type":"is-in"},{"_key":"2013909","_id":"e/2013909","_from":"v/capital-asmara","_to":"v/country-eritrea","_rev":"_WeSQy92--_","type":"is-in"},{"_key":"2013925","_id":"e/2013925","_from":"v/capital-buenos-aires","_to":"v/country-argentina","_rev":"_WeSQz-2--_","type":"is-in"},{"_key":"2013977","_id":"e/2013977","_from":"v/capital-vienna","_to":"v/country-austria","_rev":"_WeSQzK2--_","type":"is-in"},{"_key":"2013801","_id":"e/2013801","_from":"v/continent-europe","_to":"v/world","_rev":"_WeSQbl2--_","type":"is-in"},{"_key":"2013859","_id":"e/2013859","_from":"v/country-burundi","_to":"v/continent-africa","_rev":"_WeSQmb6--_","type":"is-in"},{"_key":"2013885","_id":"e/2013885","_from":"v/country-eritrea","_to":"v/continent-africa","_rev":"_WeSQmh6--_","type":"is-in"},{"_key":"2013927","_id":"e/2013927","_from":"v/capital-bujumbura","_to":"v/country-burundi","_rev":"_WeSQz-6--_","type":"is-in"},{"_key":"2013979","_id":"e/2013979","_from":"v/capital-yamoussoukro","_to":"v/country-cote-d-ivoire","_rev":"_WeSQzK6--_","type":"is-in"},{"_key":"2013803","_id":"e/2013803","_from":"v/continent-north-america","_to":"v/world","_rev":"_WeSQbl6--_","type":"is-in"}]