[{"_key":"capital-prague","_id":"v/capital-prague","_rev":"_WeSQSk---_","name":"Prague","type":"capital"},{"_key":"capital-yaounde","_id":"v/capital-yaounde","_rev":"_WeSQSl---_","name":"Yaounde","type":"capital"},{"_key":"country-argentina","_id":"v/country-argentina","_rev":"_WeSQHY---_","name":"Argentina","type":"country","code":"ARG"},{"_key":"capital-buenos-aires","_id":"v/capital-buenos-aires","_rev":"_WeSQSYC--_","name":"Buenos Aires","type":"capital"},{"_key":"capital-luanda","_id":"v/capital-luanda","_rev":"_WeSQSeC--_","name":"Luanda","type":"capital"},{"_key":"capital-zagreb","_id":"v/capital-zagreb","_rev":"_WeSQSlC--_","name":"Zagreb","type":"capital"},{"_key":"continent-south-america","_id":"v/continent-south-america","_rev":"_WeSQHSC--_","name":"South America","type":"continent"},{"_key":"country-australia","_id":"v/country-australia","_rev":"_WeSQHYC--_","name":"Australia","type":"country","code":"AUS"},{"_key":"capital-bujumbura","_id":"v/capital-bujumbura","_rev":"_WeSQSYG--_","name":"Bujumbura","type":"capital"},{"_key":"capital-quito","_id":"v/capital-quito","_rev":"_WeSQSkG--_","name":"Quito","type":"capital"},{"_key":"country-austria","_id":"v/country-austria","_rev":"_WeSQHYG--_","name":"Austria","type":"country","code":"AUT"},{"_key":"country-bosnia-and-herzegovina","_id":"v/country-bosnia-and-herzegovina","_rev":"_WeSQHeG--_","name":"Bosnia and Herzegovina","type":"country","code":"BIH"},{"_key":"capital-algiers","_id":"v/capital-algiers","_rev":"_WeSQSXK--_","name":"Algiers","type":"capital"},{"_key":"capital-cairo","_id":"v/capital-cairo","_rev":"_WeSQSYK--_","name":"Cairo","type":"capital"},{"_key":"capital-manama","_id":"v/capital-manama","_rev":"_WeSQSeK--_","name":"Manama","type":"capital"},{"_key":"country-afghanistan","_id":"v/country-afghanistan","_rev":"_WeSQHSK--_","name":"Afghanistan","type":"country","code":"AFG"},{"_key":"country-bahamas","_id":"v/country-bahamas","_rev":"_WeSQHYK--_","name":"Bahamas","type":"country","code":"BHS"},{"_key":"capital-andorra-la-vella","_id":"v/capital-andorra-la-vella","_rev":"_WeSQSXO--_","name":"Andorra la Vella","type":"capital"},{"_key":"capital-nassau","_id":"v/capital-nassau","_rev":"_WeSQSeO--_","name":"Nassau","type":"capital"},{"_key":"capital-saint-john-s","_id":"v/capital-saint-john-s","_rev":"_WeSQSkO--_","name":"Saint John's","type":"capital"},{"_key":"country-albania","_id":"v/country-albania","_rev":"_WeSQHSO--_","name":"Albania","type":"country","code":"ALB"},{"_key":"country-bahrain","_id":"v/country-bahrain","_rev":"_WeSQHYO--_","name":"Bahrain","type":"country","code":"BHR"},{"_key":"country-botswana","_id":"v/country-botswana","_rev":"_WeSQHeO--_","name":"Botswana","type":"country","code":"BWA"},{"_key":"capital-asmara","_id":"v/capital-asmara","_rev":"_WeSQSXS--_","name":"Asmara","type":"capital"},{"_key":"capital-n-djamena","_id":"v/capital-n-djamena","_rev":"_WeSQSeS--_","name":"N'Djamena","type":"capital"},{"_key":"country-algeria","_id":"v/country-algeria","_rev":"_WeSQHSS--_","name":"Algeria","type":"country","code":"DZA"},{"_key":"country-brazil","_id":"v/country-brazil","_rev":"_WeSQHeS--_","name":"Brazil","type":"country","code":"BRA"},{"_key":"capital-bandar-seri-begawan","_id":"v/capital-bandar-seri-begawan","_rev":"_WeSQSXW--_","name":"Bandar Seri Begawan","type":"capital"},{"_key":"capital-ottawa","_id":"v/capital-ottawa","_rev":"_WeSQSeW--_","name":"Ottawa","type":"capital"},{"_key":"capital-santiago","_id":"v/capital-santiago","_rev":"_WeSQSkW--_","name":"Santiago","type":"capital"},{"_key":"country-andorra","_id":"v/country-andorra","_rev":"_WeSQHSW--_","name":"Andorra","type":"country","code":"AND"},{"_key":"country-bangladesh","_id":"v/country-bangladesh","_rev":"_WeSQHYW--_","name":"Bangladesh","type":"country","code":"BGD"},{"_key":"country-brunei","_id":"v/country-brunei","_rev":"_WeSQHeW--_","name":"Brunei","type":"country","code":"BRN"},{"_key":"country-colombia","_id":"v/country-colombia","_rev":"_WeSQHkW--_","name":"Colombia","type":"country","code":"COL"},{"_key":"world","_id":"v/world","_rev":"_WeSP7xW--_","name":"World","type":"root"},{"_key":"capital-canberra","_id":"v/capital-canberra","_rev":"_WeSQSda--_","name":"Canberra","type":"capital"},{"_key":"capital-ouagadougou","_id":"v/capital-ouagadougou","_rev":"_WeSQSea--_","name":"Ouagadougou","type":"capital"},{"_key":"country-angola","_id":"v/country-angola","_rev":"_WeSQHSa--_","name":"Angola","type":"country","code":"AGO"},{"_key":"country-barbados","_id":"v/country-barbados","_rev":"_WeSQHYa--_","name":"Barbados","type":"country","code":"BRB"},{"_key":"capital-beijing","_id":"v/capital-beijing","_rev":"_WeSQSXe--_","name":"Beijing","type":"capital"},{"_key":"country-belgium","_id":"v/country-belgium","_rev":"_WeSQHYe--_","name":"Belgium","type":"country","code":"BEL"},{"_key":"country-bulgaria","_id":"v/country-bulgaria","_rev":"_WeSQHee--_","name":"Bulgaria","type":"country","code":"BGR"},{"_key":"country-cote-d-ivoire","_id":"v/country-cote-d-ivoire","_rev":"_WeSQHke--_","name":"Cote d'Ivoire","type":"country","code":"CIV"},{"_key":"capital-berlin","_id":"v/capital-berlin","_rev":"_WeSQSXi--_","name":"Berlin","type":"capital"},{"_key":"capital-copenhagen","_id":"v/capital-copenhagen","_rev":"_WeSQSdi--_","name":"Copenhagen","type":"capital"},{"_key":"capital-sarajevo","_id":"v/capital-sarajevo","_rev":"_WeSQSki--_","name":"Sarajevo","type":"capital"},{"_key":"country-bhutan","_id":"v/country-bhutan","_rev":"_WeSQHYi--_","name":"Bhutan","type":"country","code":"BTN"},{"_key":"country-burkina-faso","_id":"v/country-burkina-faso","_rev":"_WeSQHei--_","name":"Burkina Faso","type":"country","code":"BFA"},{"_key":"country-croatia","_id":"v/country-croatia","_rev":"_WeSQHki--_","name":"Croatia","type":"country","code":"HRV"},{"_key":"country-finland","_id":"v/country-finland","_rev":"_WeSQHli--_","name":"Finland","type":"country","code":"FIN"},{"_key":"capital-bogota","_id":"v/capital-bogota","_rev":"_WeSQSXm--_","name":"Bogota","type":"capital"},{"_key":"capital-dhaka","_id":"v/capital-dhaka","_rev":"_WeSQSdm--_","name":"Dhaka","type":"capital"},{"_key":"capital-sofia","_id":"v/capital-sofia","_rev":"_WeSQSkm--_","name":"Sofia","type":"capital"},{"_key":"continent-africa","_id":"v/continent-africa","_rev":"_WeSQHRm--_","name":"Africa","type":"continent"},{"_key":"country-bolivia","_id":"v/country-bolivia","_rev":"_WeSQHYm--_","name":"Bolivia","type":"country","code":"BOL"},{"_key":"country-burundi","_id":"v/country-burundi","_rev":"_WeSQHem--_","name":"Burundi","type":"country","code":"BDI"},{"_key":"country-czech-republic","_id":"v/country-czech-republic","_rev":"_WeSQHkm--_","name":"Czech Republic","type":"country","code":"CZE"},{"_key":"country-france","_id":"v/country-france","_rev":"_WeSQHlm--_","name":"France","type":"country","code":"FRA"},{"_key":"capital-gaborone","_id":"v/capital-gaborone","_rev":"_WeSQSdq--_","name":"Gaborone","type":"capital"},{"_key":"capital-paris","_id":"v/capital-paris","_rev":"_WeSQSjq--_","name":"Paris","type":"capital"},{"_key":"continent-asia","_id":"v/continent-asia","_rev":"_WeSQHRq--_","name":"Asia","type":"continent"},{"_key":"country-cambodia","_id":"v/country-cambodia","_rev":"_WeSQHeq--_","name":"Cambodia","type":"country","code":"KHM"},{"_key":"country-germany","_id":"v/country-germany","_rev":"_WeSQHlq--_","name":"Germany","type":"country","code":"DEU"},{"_key":"country-people-s-republic-of-china","_id":"v/country-people-s-republic-of-china","_rev":"_WeSQHqq--_","name":"People's Republic of China","type":"country","code":"CHN"},{"_key":"capital-brasilia","_id":"v/capital-brasilia","_rev":"_WeSQSXu--_","name":"Brasilia","type":"capital"},{"_key":"capital-helsinki","_id":"v/capital-helsinki","_rev":"_WeSQSdu--_","name":"Helsinki","type":"capital"},{"_key":"capital-thimphu","_id":"v/capital-thimphu","_rev":"_WeSQSku--_","name":"Thimphu","type":"capital"},{"_key":"continent-australia","_id":"v/continent-australia","_rev":"_WeSQHRu--_","name":"Australia","type":"continent"},{"_key":"country-cameroon","_id":"v/country-cameroon","_rev":"_WeSQHeu--_","name":"Cameroon","type":"country","code":"CMR"},{"_key":"country-denmark","_id":"v/country-denmark","_rev":"_WeSQHku--_","name":"Denmark","type":"country","code":"DNK"},{"_key":"capital-tirana","_id":"v/capital-tirana","_rev":"_WeSQSky--_","name":"Tirana","type":"capital"},{"_key":"country-canada","_id":"v/country-canada","_rev":"_WeSQHey--_","name":"Canada","type":"country","code":"CAN"},{"_key":"country-ecuador","_id":"v/country-ecuador","_rev":"_WeSQHky--_","name":"Ecuador","type":"country","code":"ECU"},{"_key":"capital-bridgetown","_id":"v/capital-bridgetown","_rev":"_WeSQSX2--_","name":"Bridgetown","type":"capital"},{"_key":"capital-kabul","_id":"v/capital-kabul","_rev":"_WeSQSd2--_","name":"Kabul","type":"capital"},{"_key":"capital-phnom-penh","_id":"v/capital-phnom-penh","_rev":"_WeSQSj2--_","name":"Phnom Penh","type":"capital"},{"_key":"capital-vienna","_id":"v/capital-vienna","_rev":"_WeSQSk2--_","name":"Vienna","type":"capital"},{"_key":"continent-europe","_id":"v/continent-europe","_rev":"_WeSQHR2--_","name":"Europe","type":"continent"},{"_key":"country-antigua-and-barbuda","_id":"v/country-antigua-and-barbuda","_rev":"_WeSQHX2--_","name":"Antigua and Barbuda","type":"country","code":"ATG"},{"_key":"country-chad","_id":"v/country-chad","_rev":"_WeSQHe2--_","name":"Chad","type":"country","code":"TCD"},{"_key":"country-egypt","_id":"v/country-egypt","_rev":"_WeSQHk2--_","name":"Egypt","type":"country","code":"EGY"},{"_key":"capital-brussels","_id":"v/capital-brussels","_rev":"_WeSQSX6--_","name":"Brussels","type":"capital"},{"_key":"capital-la-paz","_id":"v/capital-la-paz","_rev":"_WeSQSd6--_","name":"La Paz","type":"capital"},{"_key":"capital-yamoussoukro","_id":"v/capital-yamoussoukro","_rev":"_WeSQSk6--_","name":"Yamoussoukro","type":"capital"},{"_key":"continent-north-america","_id":"v/continent-north-america","_rev":"_WeSQHR6--_","name":"North America","type":"continent"},{"_key":"country-chile","_id":"v/country-chile","_rev":"_WeSQHe6--_","name":"Chile","type":"country","code":"CHL"},{"_key":"country-eritrea","_id":"v/country-eritrea","_rev":"_WeSQHk6--_","name":"Eritrea","type":"country","code":"ERI"}]