[
  {
    "_key" : "e1",
    "label" : {
      "ISO:639:3:eng" : "missing required collection [@arg@]."
    }
  },
  {
    "_key" : "e2",
    "label" : {
      "ISO:639:3:eng" : "session is missing."
    }
  },
  {
    "_key" : "e3",
    "label" : {
      "ISO:639:3:eng" : "user not found [@arg@]."
    }
  },
  {
    "_key" : "e4",
    "label" : {
      "ISO:639:3:eng" : "password mismatch."
    }
  },
  {
    "_key" : "e5",
    "label" : {
      "ISO:639:3:eng" : "unable to create administrator user."
    }
  },
  {
    "_key" : "e6",
    "label" : {
      "ISO:639:3:eng" : "the administrator must be the first user."
    }
  },
  {
    "_key" : "e7",
    "label" : {
      "ISO:639:3:eng" : "users are managed by other users."
    }
  },
  {
    "_key" : "e8",
    "label" : {
      "ISO:639:3:eng" : "not authorised to manage users."
    }
  },
  {
    "_key" : "e9",
    "label" : {
      "ISO:639:3:eng" : "unable to create administrator."
    }
  },
  {
    "_key" : "e10",
    "label" : {
      "ISO:639:3:eng" : "the application cannot be used."
    }
  },
  {
    "_key" : "e11",
    "label" : {
      "ISO:639:3:eng" : "invalid input format."
    }
  },
  {
    "_key" : "e12",
    "label" : {
      "ISO:639:3:eng" : "invalid output format."
    }
  },
  {
    "_key" : "e13",
    "label" : {
      "ISO:639:3:eng" : "unsupported data type [@arg@]."
    }
  },
  {
    "_key" : "e14",
    "label" : {
      "ISO:639:3:eng" : "unsupported root data type [@arg@]."
    }
  },
  {
    "_key" : "e15",
    "label" : {
      "ISO:639:3:eng" : "unsupported data type validation field [@arg@]."
    }
  },
  {
    "_key" : "e16",
    "label" : {
      "ISO:639:3:eng" : "unsupported descriptor validation field [@arg@]."
    }
  },
  {
    "_key" : "e17",
    "label" : {
      "ISO:639:3:eng" : "unsupported format type [@arg@]."
    }
  },
  {
    "_key" : "e18",
    "label" : {
      "ISO:639:3:eng" : "unsupported traversal sense [@arg@]."
    }
  },
  {
    "_key" : "e19",
    "label" : {
      "ISO:639:3:eng" : "expecting [@arg@] entry in validation record."
    }
  },
  {
    "_key" : "e20",
    "label" : {
      "ISO:639:3:eng" : "term unknown in dictionary [@arg@]."
    }
  },
  {
    "_key" : "e21",
    "label" : {
      "ISO:639:3:eng" : "empty data type hierarchy [@arg@]."
    }
  },
  {
    "_key" : "e22",
    "label" : {
      "ISO:639:3:eng" : "not a number [@arg@]."
    }
  },
  {
    "_key" : "e23",
    "label" : {
      "ISO:639:3:eng" : "invalid date format [@arg@]."
    }
  },
  {
    "_key" : "e24",
    "label" : {
      "ISO:639:3:eng" : "invalid date [@arg@], expecting date in year, <month> and <day> format."
    }
  },
  {
    "_key" : "e25",
    "label" : {
      "ISO:639:3:eng" : "invalid month [@arg@], using year and month format."
    }
  },
  {
    "_key" : "e26",
    "label" : {
      "ISO:639:3:eng" : "invalid object reference, document [@arg@] not found in database."
    }
  },
  {
    "_key" : "e27",
    "label" : {
      "ISO:639:3:eng" : "invalid reference, document [@arg@] not found in collection."
    }
  },
  {
    "_key" : "e28",
    "label" : {
      "ISO:639:3:eng" : "unknown or invalid collection name [@arg@]."
    }
  },
  {
    "_key" : "e29",
    "label" : {
      "ISO:639:3:eng" : "required collection name is missing from validation record."
    }
  },
  {
    "_key" : "e30",
    "label" : {
      "ISO:639:3:eng" : "required enumerations list is missing from validation record."
    }
  },
  {
    "_key" : "e31",
    "label" : {
      "ISO:639:3:eng" : "term [@arg@] cannot be found in enumeration choices."
    }
  },
  {
    "_key" : "e32",
    "label" : {
      "ISO:639:3:eng" : "invalid reference, term [@arg@] is not an enumeration."
    }
  },
  {
    "_key" : "e33",
    "label" : {
      "ISO:639:3:eng" : "invalid object reference handle [@arg@]."
    }
  },
  {
    "_key" : "e34",
    "label" : {
      "ISO:639:3:eng" : "global identifier [@arg@] not found."
    }
  },
  {
    "_key" : "e35",
    "label" : {
      "ISO:639:3:eng" : "invalid mapped structure key [@arg@], not a term."
    }
  },
  {
    "_key" : "e36",
    "label" : {
      "ISO:639:3:eng" : "descriptor [@arg@] does not have a data type."
    }
  },
  {
    "_key" : "e37",
    "label" : {
      "ISO:639:3:eng" : "descriptor [@1arg@] has an unsupported data type [@2arg@]."
    }
  },
  {
    "_key" : "e38",
    "label" : {
      "ISO:639:3:eng" : "the value can only be managed by rank [@arg@]."
    }
  },
  {
    "_key" : "e39",
    "label" : {
      "ISO:639:3:eng" : "the value can only be managed by role [@arg@]."
    }
  },
  {
    "_key" : "e40",
    "label" : {
      "ISO:639:3:eng" : "term [@arg@] not found."
    }
  },
  {
    "_key" : "e41",
    "label" : {
      "ISO:639:3:eng" : "data dictionary is required."
    }
  },
  {
    "_key" : "e42",
    "label" : {
      "ISO:639:3:eng" : "the service is busy, try again later."
    }
  },
  {
    "_key" : "e43",
    "label" : {
      "ISO:639:3:eng" : "missing session UID."
    }
  },
  {
    "_key" : "e44",
    "label" : {
      "ISO:639:3:eng" : "the service is in an error state, please contact support."
    }
  },
  {
    "_key": "s:schema:enumIsChoice",
    "body": {
      "ISO:639:3:eng": "<p>The service expects two parameters from the request body:</p><ul><li><strong>term</strong>: The reference(s) to the term to test as its <code>_id</code> or <code>_key</code>: it can be provided as a <em>string</em>, or as an <em>array</em> of strings.</li><li><strong>enum</strong>: An array of term <code>_id</code> or <code>_key</code> values which represent the set of enumerations to which the term should belong. To ignore enumeration membership, provide either an <em>empty array</em> or <code>null</code>, which is the default choice.</li></ul>"
    },
    "response": {
      "ISO:639:3:eng": "<p>The service will return an object as such, <code>{ result : &lt;value&gt; }</code>, where <em>value</em> depends on the format in which you provided the term parameter:</p><ul><li>If <strong>term</strong> was provided as a <em>scalar</em>, <em>value</em> will be a <em>boolean</em>.</li><li>If <strong>term</strong> was provided as an <em>array</em>, <em>value</em> will be an <em>object</em> indexed by the elements of the provided array with as value a <em>boolean</em>.</li></ul><p>A value of <code>true</code> means the term <em>is</em> an enumeration choice, either of any enumeration, or of at least one of the provided enumeration references.</p>"
    },
    "description": {
      "ISO:639:3:eng": "<p>The service will check if a term is an <em>enumeration choice</em>, this means that the term should be a <em>selectable choice</em> of an <em>enumeration</em>, and not a categorical entry.</p><br /><p>Enumerations are <em>controlled vocabularies</em>em> in directed graphs whose edges contain a <em>branch</em> property that is used to mark specific tree structures within the graph. The elements of an enumeration may either be <em>choices</em>, in which case they are <em>valid selections</em> of the vocabulary, or they can be <em>categories</em>, in which case they do not represent <em>selectable</em> elements of the vocabulary, but <em>categories</em> that are used to group elements together. This service can be used to check if the term is a <em>selectable</em> element of the controlled vocabulary.</p><br /><p>The service expects a <strong>term</strong> parameter provided as a term <code>_id</code> or <code>_key</code> reference which can either be a <em>scalar string</em> or an <em>array of strings</em>. A second optional parameter, <strong>enum</strong>, can be provided as an <em>array</em> of <code>_id</code> or <code>_key</code> term references which represent a list of enumerations; <em>by enumeration we mean a term that defines a controlled vocabulary</em>.</p><br /><p>If the second parameter is provided, the service will assert whether the term is a choice of at least one of the enumerations provided in the second parameter; if the second parameter is omitted, the service will check whether the term is an enumeration choice element of any enumeration.</p><br /><p>The service returns an object, <code>{ result : &lt;value&gt; }</code>: if the term was provided as a scalar, <em>value</em> will be a <em>boolean</em>, if it was provided as an array, <em>value</em> will be an object with as key the provided array elements and as value a <em>boolean</em>.</p><br /><p>The service will raise an exception if the provided term(s) are not found; the second parameter references will not be checked.</p>"
    }
  },
  {
    "_key" : "s:schema:enumIsBranch",
    "body" : {
      "ISO:639:3:eng" : "<p>The service expects one parameter from the request body:</p><ul><li><strong>term</strong>: The reference(s) to the term to test as its <code>_id</code> or <code>_key</code>: it can be provided as a <em>string</em>, or as an <em>array</em> of strings.</li></ul>"
    },
    "response" : {
      "ISO:639:3:eng" : "<p>The service will return an object as such, <code>{ result : &lt;value&gt; }</code>, where <em>value</em> depends on the format in which you provided the term parameter:</p><ul><li>If <strong>term</strong> was provided as a <em>scalar</em>, <em>value</em> will be a <em>boolean</em>.</li><li>If <strong>term</strong> was provided as an <em>array</em>, <em>value</em> will be an <em>object</em> indexed by the elements of the provided array with as value a <em>boolean</em>.</li></ul><p>A value of <code>true</code> means the term <em>is</em> an enumeration, or the root of a controlled vocabulary.</p>"
    },
    "description" : {
      "ISO:639:3:eng" : "<p>The service will check if a term is an <em>enumeration</em>, in other words, if the term defines a <em>controlled vocabulary</em>em>.</p><br /><p>Enumerations are <em>controlled vocabularies</em>em> in directed graphs whose edges contain a <em>branch</em> property that is used to mark specific tree structures within the graph. In general, the root of a specific enumeration tree will be the term that defines the controlled vocabulary and will be set in all the graph edges belonging to that specific tree: this service will check if the provided term can be found as a branch in the <em>schemas</em> graph, thus, if the term defines a controlled vocabulary.</p><br /><p>The service expects a <strong>term</strong> parameter provided as a term <code>_id</code> or <code>_key</code> reference which can either be a <em>scalar string</em> or an <em>array of strings</em>.</p><br /><p>The service will check if the provided term is an <em>instance</em>em> of the <em>enumeration class</em>, this will be the case if the term has been used as the <em>definition</em> of a controlled vocabulary and, therefore, can be found as a branch in the schemas graph.</p><br /><p>The service returns an object, <code>{ result : &lt;value&gt; }</code>: if the term was provided as a scalar, <em>value</em> will be a <em>boolean</em>, if it was provided as an array, <em>value</em> will be an object with as key the provided array elements and as value a <em>boolean</em>.</p><br /><p>The service will raise an exception if the provided term(s) are not found.</p>"
    }
  },
  {
    "_key" : "s:schema:enumGetPath",
    "body" : {
      "ISO:639:3:eng" : "<p>The service expects the following parameters from the body:</p><ul><li><strong>origin</strong>: the <em>leaf vertex</em> of the tree, provided as a term <code>_key</code> or <code>_id</code>.</li><li><strong>branch</strong>: the <em>root node</em> of the tree, provided as a term <code>_key</code> or <code>_id</code>.</li><li><strong>minDepth</strong>: an <em>integer</em> indicating the <em>minimum depth</em> of the traversal, it determines at what level the traversal will <em>start</em>.<br /><em>Defaults to <code>0</code></em>.</li><li><strong>maxDepth</strong>: an <em>integer</em> indicating the <em>maximum depth</em> of the traversal, it determines at what level the traversal will <em>stop</em>; a level of <code>0</code> means no level limit.<br /><em>Defaults to <code>0</code></em>.</li><li><strong>vField</strong>: the vertex field name(s) to be returned in the result, provided as a term <code>_key</code> or <code>_id</code>.<br />The value may be provided as a <em>string</em>, as an <em>array</em>, or it can be <code>null</code>.<br /><em>Defaults to <code>null</code>.</em></li><li><strong>eField</strong>: the <em>edge field name(s)</em> to be returned in the result, provided as a term <code>_key</code> or <code>_id</code>. This parameter behaves exactly as the previous <strong>vField</strong> parameter, except that it applies to returned <em>edges</em>; this parameter is only relevant if the <strong>doEdge</strong> parameter is set.<br /><em>Defaults to <code>null</code>.</em></li><li><strong>doChoice</strong>: this is a <em>boolean</em> flag that indicates whether to filter <em>enumeration choice elements</em>: if <code>true</code>, only enumeration choice elements will be included in the result.<br />Please refer to the <code>/enum/isChoice</code> service for a description.<br /><em>Defaults to <code>false</code>.</em></li><li><strong>doLanguage</strong>: this is a <em>boolean</em> flag that indicates whether to restrict description fields to the <em>current session language</em>, it applies to the <code>label</code>, <code>definition</code>, <code>description</code>, <code>note</code> and <code>example</code> fields.<br />If <code>true</code>, the above-mentioned fields will contain the value matching the session language code; if the field does not have an entry corresponding to the session language, it will remain untouched.<br /><em>Defaults to <code>false</code>.</em></li><li><strong>doEdge</strong>: this is a <em>boolean</em> flag that indicates whether to <em>include the edge in the result</em>. If <code>true</code>, the elements of the result array will contain the <em>vertex</em> and the <em>edge</em>.<br /><em>Defaults to <code>false</code>.</em></li></ul>"
    },
    "response" : {
      "ISO:639:3:eng" : "<p>The service will return an <em>array</em> of elements whose structure depends on the provided parameters:</p><ul><li><strong>doEdge</strong>:<ul><li>if this parameter is <code>false</code>:<ul><li>The element will contain the <em>path vertices</em> formatted according to the <strong>vField</strong> parameter:<ul><li>If <code>null</code> or omitted the <em>vertex</em> will be the <em>original document</em>.</li><li>If a <em>string</em>, the element will contain the <em>value</em> of the <em>vertex document field</em> whose <em>name matches the string</em>; if no field matches, the value will be <code>null</code>.</li><li>If an <em>array</em>, the element will contain the <em>vertex document</em> comprised of only those <em>fields</em> that <em>march the provided array elements</em>.</li></ul></li></ul></li><li>if the parameter is <code>true</code>:<ul><li>The element will contain an <em>object</em> with the following properties:<ul><li><strong>term</strong>: will contain the <em>vertex</em> formatted according to the <strong>vField</strong> parameter <em>(see above)</em>.</li><li><strong>edge</strong>: will contain the <em>edge</em> formatted according to the <strong>eField</strong> parameter <em>(refer to vField)</em>; if there is no edge, this will occur for the tree root, this property will not be included.</li></ul></li></ul></li></ul></li></ul>"
    },
    "description" : {
      "ISO:639:3:eng" : "<p>The service will return the <em>enumeration path</em> starting from the provided <em>leaf</em> node and ending with the provided <em>branch</em> graph node, it will return an array of elements corresponding to the <em>vertices</em> of the path, or an array of objects containing both the <em>vertex</em> and the corresponding <em>edge</em> for the path elements, depending on the provided parameters.</p><br /><p>Enumerations are <em>controlled vocabularies</em> shaped as <em>tree structures</em>, where the <em>branch</em> represents both the tree <em>root node</em> and a specific <em>tree structure</em> embedded in the graph. This service will perform an outbound traversal of the graph contained in the <em>schemas</em> collection starting from the provided <em>origin</em> leaf node and traversing the hierarchy of the provided <em>branch</em> tree up to the <em>root node</em>, returning the visited elements in an array. The result will be the path that starts from the leaf node and ends with the root node.</p><br /><p>The service expects the following parameters from the body:</p><ul><li><strong>origin</strong>: the <em>leaf vertex</em> of the tree, provided as a term <code>_key</code> or <code>_id</code>.</li><li><strong>branch</strong>: the <em>root node</em> of the tree, provided as a term <code>_key</code> or <code>_id</code>.</li><li><strong>minDepth</strong>: an <em>integer</em> indicating the <em>minimum depth</em> of the traversal, it determines at what level the traversal will <em>start</em>.</li><li><strong>maxDepth</strong>: an <em>integer</em> indicating the <em>maximum depth</em> of the traversal, it determines at what level the traversal will <em>stop</em>.</li><li><strong>vField</strong>: the vertex field name(s) to be returned in the result, provided as a term <code>_key</code> or <code>_id</code>. The value may be provided as a scalar, as an array, or it can be null:<ul><li>If provided as a <em>scalar</em>, the result will be the vertex <em>field value</em> corresponding to the provided <em>descriptor reference</em>. If the vertex does not contain that field, the value will be <code>null</code>.</li><li>If provided as an <em>array</em>, the result will be the <em>vertex document</em> comprised only of those fields matching the provided <em>references list</em>.</li><li>If <code>null</code> is provided, the vertex document will remain untouched.</li></ul></li><li><strong>eField</strong>: the <em>edge field name(s)</em> to be returned in the result, provided as a term <code>_key</code> or <code>_id</code>. This parameter behaves exactly as the previous <strong>vField</strong> parameter, except that it applies to returned <em>edges</em>; this parameter is only relevant if the <strong>doEdge</strong> parameter is set.</li><li><strong>doChoice</strong>: this is a <em>boolean</em> flag that indicates whether to filter <em>enumeration choice elements</em>: if <code>true</code>, only enumeration choice elements will be included in the result. Please refer to the <code>/enum/isChoice</code> service for a description.</li><li><strong>doLanguage</strong>: this is a <em>boolean</em> flag that indicates whether to restrict description fields to the <em>current session language</em>, it applies to the <code>label</code>, <code>definition</code>, <code>description</code>, <code>note</code> and <code>example</code> fields. If <code>true</code>, the above-mentioned fields, instead of being an object with as key the language code and as value the description, they will contain the description corresponding to the session language. If the field does not have an entry corresponding to the session language, it will remain untouched.</li><li><strong>doEdge</strong>: this is a <em>boolean</em> flag that indicates whether to <em>include the edge in the result</em>. If <code>true</code>, the elements of the result array, instead of containing only the vertex, they will contain an <em>object</em> with two elements:<ul><li><strong>vertex</strong>: will contain the <em>vertex</em>, optionally formatted by the <strong>vField</strong> parameter options.</li><li><strong>edge</strong>: will contain the <em>edge</em>, optionally formatted by the <strong>eField</strong> parameter options.</li></ul></li></ul><p>The service will return an <em>array</em> of elements whose format depends on the above <strong>doEdge</strong>, <strong>vField</strong> and <strong>eField</strong> parameters.</p><br /><p>The service will raise an exception if the provided <em>origin</em> parameter <em>cannot be resolved</em>.</p>"
    }
  },
  {
    "_key" : "s:schema:enumGetList",
    "body" : {
      "ISO:639:3:eng" : "<p>The service expects the following parameters from the body:</p><ul><li><strong>origin</strong>: the <em>vertex</em> of the tree whose siblings are to be returned, provided as a term <code>_key</code> or <code>_id</code>.</li><li><strong>branch</strong>: the <em>root node</em> of the tree, provided as a term <code>_key</code> or <code>_id</code>.</li><li><strong>minDepth</strong>: an <em>integer</em> indicating the <em>minimum depth</em> of the traversal, it determines at what level the traversal will <em>start</em>.<br /><em>Defaults to <code>0</code></em>.</li><li><strong>maxDepth</strong>: an <em>integer</em> indicating the <em>maximum depth</em> of the traversal, it determines at what level the traversal will <em>stop</em>; a level of <code>0</code> means no level limit.<br /><em>Defaults to <code>0</code></em>.</li><li><strong>vField</strong>: the vertex field name(s) to be returned in the result, provided as a term <code>_key</code> or <code>_id</code>.<br />The value may be provided as a <em>string</em>, as an <em>array</em>, or it can be <code>null</code>.<br /><em>Defaults to <code>null</code>.</em></li><li><strong>eField</strong>: the <em>edge field name(s)</em> to be returned in the result, provided as a term <code>_key</code> or <code>_id</code>. This parameter behaves exactly as the previous <strong>vField</strong> parameter, except that it applies to returned <em>edges</em>; this parameter is only relevant if the <strong>doEdge</strong> parameter is set.<br /><em>Defaults to <code>null</code>.</em></li><li><strong>doChoice</strong>: this is a <em>boolean</em> flag that indicates whether to filter <em>enumeration choice elements</em>: if <code>true</code>, only enumeration choice elements will be included in the result.<br />Please refer to the <code>/enum/isChoice</code> service for a description.<br /><em>Defaults to <code>false</code>.</em></li><li><strong>doLanguage</strong>: this is a <em>boolean</em> flag that indicates whether to restrict description fields to the <em>current session language</em>, it applies to the <code>label</code>, <code>definition</code>, <code>description</code>, <code>note</code> and <code>example</code> fields.<br />If <code>true</code>, the above-mentioned fields will contain the value matching the session language code; if the field does not have an entry corresponding to the session language, it will remain untouched.<br /><em>Defaults to <code>false</code>.</em></li><li><strong>doEdge</strong>: this is a <em>boolean</em> flag that indicates whether to <em>include the edge in the result</em>. If <code>true</code>, the elements of the result array will contain the <em>vertex</em> and the <em>edge</em>.<br /><em>Defaults to <code>false</code>.</em></li></ul>"
    },
    "response" : {
      "ISO:639:3:eng" : "<p>The service will return the flattened <em>array</em> of siblings of the provided root node in the provided branch of the graph; the nodes structure depends on the following parameters:</p><ul><li><strong>doEdge</strong>:<ul><li>if this parameter is <code>false</code>:<ul><li>The element will contain the <em>path vertices</em> formatted according to the <strong>vField</strong> parameter:<ul><li>If <code>null</code> or omitted the <em>vertex</em> will be the <em>original document</em>.</li><li>If a <em>string</em>, the element will contain the <em>value</em> of the <em>vertex document field</em> whose <em>name matches the string</em>; if no field matches, the value will be <code>null</code>.</li><li>If an <em>array</em>, the element will contain the <em>vertex document</em> comprised of only those <em>fields</em> that <em>march the provided array elements</em>.</li></ul></li></ul></li><li>if the parameter is <code>true</code>:<ul><li>The element will contain an <em>object</em> with the following properties:<ul><li><strong>term</strong>: will contain the <em>vertex</em> formatted according to the <strong>vField</strong> parameter <em>(see above)</em>.</li><li><strong>edge</strong>: will contain the <em>edge</em> formatted according to the <strong>eField</strong> parameter <em>(refer to vField)</em>; if there is no edge, this will occur for the tree root, this property will not be included.</li></ul></li></ul></li></ul></li></ul>"
    },
    "description" : {
      "ISO:639:3:eng" : "<p>The service will return the <em>enumeration siblings</em> of the provided <em>origin</em> node of the <em>schemas</em> graph belonging to the provided <em>branch</em>. It will return an array of elements corresponding to the <em>vertices</em> of the graph, or an array of objects containing both the <em>vertex</em> and the corresponding <em>edge</em>, depending on the provided parameters.</p><br /><p>Enumerations are <em>controlled vocabularies</em> shaped as <em>tree structures</em>, where the <em>branch</em> represents both the tree <em>root node</em> and a specific <em>tree structure</em> embedded in the graph. This service will perform an inbound traversal of the graph contained in the <em>schemas</em> collection starting from the provided <em>origin</em> node and visiting all the sibling elements belonging to the provided <em>branch</em> tree, returning the elements in a <em>flattened</em> array. The result will be the selection of all the siblings of the <em>origin</em> node belonging to the <em>branch</em> tree.</p><br /><p>The service expects the following parameters from the body:</p><ul><li><strong>origin</strong>: the traversal origin <em>vertex</em> node, provided as a term <code>_key</code> or <code>_id</code>.</li><li><strong>branch</strong>: the <em>root node</em> of the tree, provided as a term <code>_key</code> or <code>_id</code>.</li><li><strong>minDepth</strong>: an <em>integer</em> indicating the <em>minimum depth</em> of the traversal, it determines at what level the traversal will <em>start</em>.</li><li><strong>maxDepth</strong>: an <em>integer</em> indicating the <em>maximum depth</em> of the traversal, it determines at what level the traversal will <em>stop</em>.</li><li><strong>vField</strong>: the vertex field name(s) to be returned in the result, provided as a term <code>_key</code> or <code>_id</code>. The value may be provided as a scalar, as an array, or it can be null:<ul><li>If provided as a <em>scalar</em>, the result will be the vertex <em>field value</em> corresponding to the provided <em>descriptor reference</em>. If the vertex does not contain that field, the value will be <code>null</code>.</li><li>If provided as an <em>array</em>, the result will be the <em>vertex document</em> comprised only of those fields matching the provided <em>references list</em>.</li><li>If <code>null</code> is provided, the vertex document will remain untouched.</li></ul></li><li><strong>eField</strong>: the <em>edge field name(s)</em> to be returned in the result, provided as a term <code>_key</code> or <code>_id</code>. This parameter behaves exactly as the previous <strong>vField</strong> parameter, except that it applies to returned <em>edges</em>; this parameter is only relevant if the <strong>doEdge</strong> parameter is set.</li><li><strong>doChoice</strong>: this is a <em>boolean</em> flag that indicates whether to filter <em>enumeration choice elements</em>: if <code>true</code>, only enumeration choice elements will be included in the result. Please refer to the <code>/enum/isChoice</code> service for a description.</li><li><strong>doLanguage</strong>: this is a <em>boolean</em> flag that indicates whether to restrict description fields to the <em>current session language</em>, it applies to the <code>label</code>, <code>definition</code>, <code>description</code>, <code>note</code> and <code>example</code> fields. If <code>true</code>, the above-mentioned fields, instead of being an object with as key the language code and as value the description, they will contain the description corresponding to the session language. If the field does not have an entry corresponding to the session language, it will remain untouched.</li><li><strong>doEdge</strong>: this is a <em>boolean</em> flag that indicates whether to <em>include the edge in the result</em>. If <code>true</code>, the elements of the result array, instead of containing only the vertex, they will contain an <em>object</em> with two elements:<ul><li><strong>vertex</strong>: will contain the <em>vertex</em>, optionally formatted by the <strong>vField</strong> parameter options.</li><li><strong>edge</strong>: will contain the <em>edge</em>, optionally formatted by the <strong>eField</strong> parameter options.</li></ul></li></ul><p>The service will return a <em>flattened array</em> of all the siblings of the origin node, in the format determined by the above <strong>doEdge</strong>, <strong>vField</strong> and <strong>eField</strong> parameters.</p><br /><p>The service will raise an exception if the provided <em>origin</em> parameter <em>cannot be resolved</em>.</p>"
    }
  },
  {
    "_key" : "s:schema:enumGetTree",
    "body" : {
      "ISO:639:3:eng" : "<p>The service expects the following parameters from the body:</p><ul><li><strong>origin</strong>: the <em>vertex</em> of the tree whose siblings are to be returned, provided as a term <code>_key</code> or <code>_id</code>.</li><li><strong>branch</strong>: the <em>root node</em> of the tree, provided as a term <code>_key</code> or <code>_id</code>.</li><li><strong>minDepth</strong>: an <em>integer</em> indicating the <em>minimum depth</em> of the traversal, it determines at what level the traversal will <em>start</em>.<br /><em>Defaults to <code>0</code></em>.</li><li><strong>maxDepth</strong>: an <em>integer</em> indicating the <em>maximum depth</em> of the traversal, it determines at what level the traversal will <em>stop</em>; a level of <code>0</code> means no level limit.<br /><em>Defaults to <code>0</code></em>.</li><li><strong>vField</strong>: the vertex field name(s) to be returned in the result, provided as a term <code>_key</code> or <code>_id</code>.<br />The value may be provided as a <em>string</em>, as an <em>array</em>, or it can be <code>null</code>.<br /><em>Defaults to <code>null</code>.</em></li><li><strong>eField</strong>: the <em>edge field name(s)</em> to be returned in the result, provided as a term <code>_key</code> or <code>_id</code>. This parameter behaves exactly as the previous <strong>vField</strong> parameter, except that it applies to returned <em>edges</em>; this parameter is only relevant if the <strong>doEdge</strong> parameter is set.<br /><em>Defaults to <code>null</code>.</em></li><li><strong>doLanguage</strong>: this is a <em>boolean</em> flag that indicates whether to restrict description fields to the <em>current session language</em>, it applies to the <code>label</code>, <code>definition</code>, <code>description</code>, <code>note</code> and <code>example</code> fields.<br />If <code>true</code>, the above-mentioned fields will contain the value matching the session language code; if the field does not have an entry corresponding to the session language, it will remain untouched.<br /><em>Defaults to <code>false</code>.</em></li><li><strong>doEdge</strong>: this is a <em>boolean</em> flag that indicates whether to <em>include the edge in the result</em>. If <code>true</code>, the elements of the result array will contain the <em>vertex</em> and the <em>edge</em>.<br /><em>Defaults to <code>false</code>.</em></li></ul>"
    },
    "response" : {
      "ISO:639:3:eng" : "<p>The service will return the hierarchy of the provided root <em>siblings</em>, the top nodes will have a property, <code>_children</code>, which is an array that will contain the list of the node's children. If the minimum depth level is <code>0</code>, the result will be an array with a single node: the root. If the level is greater than <code>0</code>, the result will be an array of nodes from which the traversal started. The format of the nodes depends on the following parameters:</p><ul><li><strong>doEdge</strong>:<ul><li>if this parameter is <code>false</code>:<ul><li>The element will contain the <em>path vertices</em> formatted according to the <strong>vField</strong> parameter:<ul><li>If <code>null</code> or omitted the <em>vertex</em> will be the <em>original document</em>.</li><li>If a <em>string</em>, the element will contain the <em>value</em> of the <em>vertex document field</em> whose <em>name matches the string</em>; if no field matches, the value will be <code>null</code>.</li><li>If an <em>array</em>, the element will contain the <em>vertex document</em> comprised of only those <em>fields</em> that <em>march the provided array elements</em>.</li></ul></li></ul></li><li>if the parameter is <code>true</code>:<ul><li>The element will contain an <em>object</em> with the following properties:<ul><li><strong>term</strong>: will contain the <em>vertex</em> formatted according to the <strong>vField</strong> parameter <em>(see above)</em>.</li><li><strong>edge</strong>: will contain the <em>edge</em> formatted according to the <strong>eField</strong> parameter <em>(refer to vField)</em>; if there is no edge, this will occur for the tree root, this property will not be included.</li></ul></li></ul></li></ul></li></ul>"
    },
    "description" : {
      "ISO:639:3:eng" : "<p>The service will return the <em>enumeration siblings</em> of the provided <em>origin</em> node of the <em>schemas</em> graph belonging to the provided <em>branch</em>. It will return an an array containing the list of nodes from which the traversal started with a property, <code>_children</code>, that is an array containing the children nodes of the current node. The nodes will contain either the vertex, ot the vertex and the corresponding edge, depending on the service parameter.</p><br /><p>Enumerations are <em>controlled vocabularies</em> shaped as <em>tree structures</em>, where the <em>branch</em> represents both the tree <em>root node</em> and a specific <em>tree structure</em> embedded in the graph. This service will perform an inbound traversal of the graph contained in the <em>schemas</em> collection starting from the provided <em>origin</em> node and visiting all the sibling elements belonging to the provided <em>branch</em> tree, returning an array of the nodes from which the traversal started.</p><br /><p>The service expects the following parameters from the body:</p><ul><li><strong>origin</strong>: the traversal origin <em>vertex</em> node, provided as a term <code>_key</code> or <code>_id</code>.</li><li><strong>branch</strong>: the <em>root node</em> of the tree, provided as a term <code>_key</code> or <code>_id</code>.</li><li><strong>minDepth</strong>: an <em>integer</em> indicating the <em>minimum depth</em> of the traversal, it determines at what level the traversal will <em>start</em>.</li><li><strong>maxDepth</strong>: an <em>integer</em> indicating the <em>maximum depth</em> of the traversal, it determines at what level the traversal will <em>stop</em>.</li><li><strong>vField</strong>: the vertex field name(s) to be returned in the result, provided as a term <code>_key</code> or <code>_id</code>. The value may be provided as a scalar, as an array, or it can be null:<ul><li>If provided as a <em>scalar</em>, the result will be the vertex <em>field value</em> corresponding to the provided <em>descriptor reference</em>. If the vertex does not contain that field, the value will be <code>null</code>.</li><li>If provided as an <em>array</em>, the result will be the <em>vertex document</em> comprised only of those fields matching the provided <em>references list</em>.</li><li>If <code>null</code> is provided, the vertex document will remain untouched.</li></ul></li><li><strong>eField</strong>: the <em>edge field name(s)</em> to be returned in the result, provided as a term <code>_key</code> or <code>_id</code>. This parameter behaves exactly as the previous <strong>vField</strong> parameter, except that it applies to returned <em>edges</em>; this parameter is only relevant if the <strong>doEdge</strong> parameter is set.</li><li><strong>doLanguage</strong>: this is a <em>boolean</em> flag that indicates whether to restrict description fields to the <em>current session language</em>, it applies to the <code>label</code>, <code>definition</code>, <code>description</code>, <code>note</code> and <code>example</code> fields. If <code>true</code>, the above-mentioned fields, instead of being an object with as key the language code and as value the description, they will contain the description corresponding to the session language. If the field does not have an entry corresponding to the session language, it will remain untouched.</li><li><strong>doEdge</strong>: this is a <em>boolean</em> flag that indicates whether to <em>include the edge in the result</em>. If <code>true</code>, the elements of the result array, instead of containing only the vertex, they will contain an <em>object</em> with two elements:<ul><li><strong>vertex</strong>: will contain the <em>vertex</em>, optionally formatted by the <strong>vField</strong> parameter options.</li><li><strong>edge</strong>: will contain the <em>edge</em>, optionally formatted by the <strong>eField</strong> parameter options.</li></ul></li></ul><p>The service will return an <em>array</em> of nodes corresponding to the vertices from which the traversal started, these nodes will contain a property, <code>_children</code>, that will contain the list of child nodes. The node format is determined by the above parameters.</p><br /><p>The service will raise an exception if the provided <em>origin</em> parameter <em>cannot be resolved</em>.</p>"
    }
  },
  {
    "_key" : "s:session:ping",
    "response" : {
      "ISO:639:3:eng" : "The object <code>{ result : 'pong' }</code>."
    },
    "description" : {
      "ISO:639:3:eng" : "<p>This service will return the object <code>{ result : 'pong' }</code>,it can be used to check whether the service is responding.</p><p>This service may fail if there is a JavaScript error, for instance,if a module in requiring a missing file, such as Dict.js. It will also fail if your database server is turned off...</p>"
    }
  },
  {
    "_key" : "s:session:whoami",
    "response" : {
      "ISO:639:3:eng" : "The service returns an object <code>{ result : value }</code>, where <code>value</code> will be the current user record in the session, or <code>null</code>, if there is no current user."
    },
    "description" : {
      "ISO:639:3:eng" : "The service returns the current session user record in an object<code>{ result : value }</code>, where <code>value</code> will either be theuser's record, or <code>null</code>, if there is no current user."
    }
  },
  {
    "_key" : "s:session:login",
    "body" : {
      "ISO:639:3:eng" : "Provide the user credentials:<ul><li><strong>username</strong>: the user code (<em>string</em>).<li><strong>password</strong>: the user password (<em>string</em>).</ul>"
    },
    "response" : {
      "ISO:639:3:eng" : "<p>The service will return an object, <code>{ result : value }</code>, in which <code>value</code> will be the user record.</p><p>If the user cannot be logged in, the service will return an error:<ul><li><code>404</code>: this error means that the user could not be found.<li><code>403</code>: this error means that the authentication failed.<li><code>500</code>: all other errors are expected to be unforeseen.</ul></p>"
    },
    "description" : {
      "ISO:639:3:eng" : "<p>The service can be used to login a user, it expects two parameters: <code>username</code>, which represents the user identification code and <code>password</code>, which represents the user credentials password.</p><p>If the service succeeds to locate the user and validate its credentials, it will return an object, <code>{ result : value }</code>, where <code>value</code> will contain the user record; in all other cases the service will return an error.</p>"
    }
  },
  {
    "_key" : "s:session:logout",
    "response" : {
      "ISO:639:3:eng" : "If there was a previous session user, the service will return an object, <code>{ result : value }</code>, in which <code>value</code> will be the previous user record, or <code>null</code>, if there was no current session user."
  },
  "description" : {
  "ISO:639:3:eng" : "The service can be used to logout the current session user, will return an object, <code>{ result : value }</code>, where <code>value</code> will contain the previous session user record, or <code>null</code>, if no user was previously logged in."
  }
}
]
